tag_ID,path
3HO movement (Sikh Dharma movement)[728],Religious Group[8] -> Indic Religious Traditions[510] -> Sikh traditions[704] -> 3HO movement (Sikh Dharma movement)[728]
Abhayagiri[754],Religious Group[8] -> Buddhist Traditions[14] -> Sri Lankan Buddhist Groups[752] -> Abhayagiri[754]
Abhayagirivāsa[519],Religious Group[8] -> Indic Religious Traditions[510] -> Indic Buddhist Traditions[513] -> Nikāya Buddhism (mainstream Buddhist schools)[514] -> Later schools[518] -> Abhayagirivāsa[519]
Abrahamic[905],Religious Group[8] -> Abrahamic[905]
Achaemenid Religions[300],Religious Group[8] -> Persian Religions[41] -> Achaemenid Religions[300]
Adventist[144],Religious Group[8] -> Christian Traditions[18] -> Adventist[144]
African indigenous sects (AICs)[145],Religious Group[8] -> Christian Traditions[18] -> African indigenous sects (AICs)[145]
African Pentecostalism[990],Religious Group[8] -> African Religions[9] -> Pentacostal[797] -> African Pentecostalism[990]
African Religions[9],Religious Group[8] -> African Religions[9]
(Afro-)Caribbean religions[811],Religious Group[8] -> (Afro-)Caribbean religions[811]
Aghlabid Religions[346],Religious Group[8] -> Maghreb Religions[29] -> Tunis Religions[345] -> Aghlabid Religions[346]
Aghor traditions[629],Religious Group[8] -> Indic Religious Traditions[510] -> Hinduism[566] -> Śaiva traditions[621] -> Aghor traditions[629]
Aglipayan[154],Religious Group[8] -> Christian Traditions[18] -> Catholic[153] -> Aglipayan[154]
Ahl-i Ḥadīth[670],Religious Group[8] -> Indic Religious Traditions[510] -> Islamic Traditions[661] -> Sunnī[663] -> Ahl-i Ḥadīth[670]
Aḥmadī[662],Religious Group[8] -> Indic Religious Traditions[510] -> Islamic Traditions[661] -> Aḥmadī[662]
Ahmadiyya[249],Religious Group[8] -> Islamic Traditions[24] -> Ahmadiyya[249]
Akan Religions[890],Religious Group[8] -> African Religions[9] -> Akan Religions[890]
Akbari[269],Religious Group[8] -> Islamic Traditions[24] -> Shiite/Shi'a[256] -> Jafri[265] -> Twelver[268] -> Akbari[269]
Akhand Kīrtanī Jathā[705],Religious Group[8] -> Indic Religious Traditions[510] -> Sikh traditions[704] -> Akhand Kīrtanī Jathā[705]
Akkadian Religions[330],Religious Group[8] -> Mesopotamian Religions[34] -> Akkadian Religions[330]
Akram Vijñān movement[697],Religious Group[8] -> Indic Religious Traditions[510] -> Jain Traditions[690] -> Digambara[691] -> neo-Digambara groups[694] -> Akram Vijñān movement[697]
'Alawi[266],Religious Group[8] -> Islamic Traditions[24] -> Shiite/Shi'a[256] -> Jafri[265] -> 'Alawi[266]
Alevi[267],Religious Group[8] -> Islamic Traditions[24] -> Shiite/Shi'a[256] -> Jafri[265] -> Alevi[267]
Amarapura Nikāya[757],Religious Group[8] -> Buddhist Traditions[14] -> Sri Lankan Buddhist Groups[752] -> Amarapura Nikāya[757]
Ambedkar’s Navayāna Buddhism[562],Religious Group[8] -> Indic Religious Traditions[510] -> Indic Buddhist Traditions[513] -> Modern Buddhist groups[556] -> Ambedkar’s Navayāna Buddhism[562]
Amhara Religions[891],Religious Group[8] -> African Religions[9] -> Amhara Religions[891]
Amish[165],Religious Group[8] -> Christian Traditions[18] -> Mennonite[164] -> Amish[165]
Amritdhārī Sikhs[711],Religious Group[8] -> Indic Religious Traditions[510] -> Sikh traditions[704] -> Khālsā Sikhs[707] -> Modern Khālsā Sikhs[710] -> Amritdhārī Sikhs[711]
Anatolian Religions[10],Religious Group[8] -> Anatolian Religions[10]
Añcala Gaccha[700],Religious Group[8] -> Indic Religious Traditions[510] -> Jain Traditions[690] -> Śvētāmbara[698] -> Añcala Gaccha[700]
ancestor veneration[933],Religious Group[8] -> Animist[836] -> ancestor veneration[933]
Ancient Christianity in Rome[730],Religious Group[8] -> Roman Religious Traditions[42] -> Ancient Christianity in Rome[730]
Anglican[146],Religious Group[8] -> Christian Traditions[18] -> Anglican[146]
Anglo-Saxon paganism[769],Religious Group[8] -> Germanic Religions[21] -> Anglo-Saxon paganism[769]
Animist[836],Religious Group[8] -> Animist[836]
Anuta Religions[316],Religious Group[8] -> Oceanic Religions[40] -> Polynesia[315] -> Anuta Religions[316]
Aparaśaila[520],Religious Group[8] -> Indic Religious Traditions[510] -> Indic Buddhist Traditions[513] -> Nikāya Buddhism (mainstream Buddhist schools)[514] -> Later schools[518] -> Aparaśaila[520]
Apocalyptic Movements[847],Religious Group[8] -> Apocalyptic Movements[846] -> Apocalyptic Movements[847]
Apocalyptic Movements[846],Religious Group[8] -> Apocalyptic Movements[846]
Apocalyptic Movements[813],Religious Group[8] -> New Religious Movement[786] -> Apocalyptic Movements[813]
Apostolic/New Apostolic[147],Religious Group[8] -> Christian Traditions[18] -> Apostolic/New Apostolic[147]
Āraṇyakas[586],Religious Group[8] -> Indic Religious Traditions[510] -> Hinduism[566] -> Vedic texts and school[568] -> Śruti[569] -> Vedasaṃhitas[571] -> Atharvaveda[584] -> Āraṇyakas[586]
Āraṇyakas[582],Religious Group[8] -> Indic Religious Traditions[510] -> Hinduism[566] -> Vedic texts and school[568] -> Śruti[569] -> Vedasaṃhitas[571] -> Yajurveda[580] -> Āraṇyakas[582]
Āraṇyakas[578],Religious Group[8] -> Indic Religious Traditions[510] -> Hinduism[566] -> Vedic texts and school[568] -> Śruti[569] -> Vedasaṃhitas[571] -> Sāmaveda[576] -> Āraṇyakas[578]
Āraṇyakas[574],Religious Group[8] -> Indic Religious Traditions[510] -> Hinduism[566] -> Vedic texts and school[568] -> Śruti[569] -> Vedasaṃhitas[571] -> Ṛgveda[572] -> Āraṇyakas[574]
Armenian[173],Religious Group[8] -> Christian Traditions[18] -> Orthodox/Eastern Christian[172] -> Armenian[173]
Armenian Christianity[380],Religious Group[8] -> Anatolian Religions[10] -> Armenian Religion[53] -> Armenian Christianity[380]
Armenian Christianity[148],Religious Group[8] -> Christian Traditions[18] -> Armenian Christianity[148]
Armenian Religion[53],Religious Group[8] -> Anatolian Religions[10] -> Armenian Religion[53]
Arya Samaj[821],Religious Group[8] -> Indic Religious Traditions[510] -> Hinduism[566] -> Modern Hinduism[646] -> Arya Samaj[821]
Asgiriya Lineage[760],Religious Group[8] -> Buddhist Traditions[14] -> Sri Lankan Buddhist Groups[752] -> Siam Nikāya[758] -> Asgiriya Lineage[760]
Asia Minor[981],Religious Group[8] -> Asia Minor[981]
Asian American Religions[950],Religious Group[8] -> Asian American Religions[950]
Aśoka's (Secular) Dharma[805],Religious Group[8] -> Indic Religious Traditions[510] -> Aśoka's (Secular) Dharma[805]
Assyrian Religions[331],Religious Group[8] -> Mesopotamian Religions[34] -> Assyrian Religions[331]
Assyrian Religions[11],Religious Group[8] -> Assyrian Religions[11]
Atharvaveda[584],Religious Group[8] -> Indic Religious Traditions[510] -> Hinduism[566] -> Vedic texts and school[568] -> Śruti[569] -> Vedasaṃhitas[571] -> Atharvaveda[584]
Australian Traditions[819],Religious Group[8] -> Australian Traditions[819]
Avantaka[521],Religious Group[8] -> Indic Religious Traditions[510] -> Indic Buddhist Traditions[513] -> Nikāya Buddhism (mainstream Buddhist schools)[514] -> Later schools[518] -> Avantaka[521]
Aymara Religions[892],Religious Group[8] -> South American Religions[508] -> Aymara Religions[892]
Āyurveda[599],Religious Group[8] -> Indic Religious Traditions[510] -> Hinduism[566] -> Vedic texts and school[568] -> Smṛti[570] -> Upavedas[598] -> Āyurveda[599]
Azali Babis[63],Religious Group[8] -> Babi and Baha’i Faiths [12] -> Azali Babis[63]
Azande Religions[893],Religious Group[8] -> African Religions[9] -> Azande Religions[893]
Azraqi[251],Religious Group[8] -> Islamic Traditions[24] -> Khawarij[250] -> Azraqi[251]
Aztec Religions[338],Religious Group[8] -> Mesoamerican Religions[33] -> Aztec Religions[338]
Babi and Baha’i Faiths [12],Religious Group[8] -> Babi and Baha’i Faiths [12]
Babylonian Religions[332],Religious Group[8] -> Mesopotamian Religions[34] -> Babylonian Religions[332]
Bahā’ī faith[511],Religious Group[8] -> Indic Religious Traditions[510] -> Bahā’ī faith[511]
Baha’i World Faith[62],Religious Group[8] -> Babi and Baha’i Faiths [12] -> Baha’i World Faith[62]
Bahuśrutīya[522],Religious Group[8] -> Indic Religious Traditions[510] -> Indic Buddhist Traditions[513] -> Nikāya Buddhism (mainstream Buddhist schools)[514] -> Later schools[518] -> Bahuśrutīya[522]
Bahuśrutīya[80],Religious Group[8] -> Buddhist Traditions[14] -> Indian Buddhist Traditions[78] -> Mahāsāṃghika[79] -> Bahuśrutīya[80]
Balinese Hinduism[853],Religious Group[8] -> Southeast Asian Religions[808] -> Balinese Hinduism[853]
Bandai Sikhs [709],Religious Group[8] -> Indic Religious Traditions[510] -> Sikh traditions[704] -> Khālsā Sikhs[707] -> Early Khālsā Sikhs[708] -> Bandai Sikhs [709]
Bantu Religions[50],Religious Group[8] -> African Religions[9] -> Bantu Religions[50]
Baptist[149],Religious Group[8] -> Christian Traditions[18] -> Baptist[149]
Barelvi[285],Religious Group[8] -> Islamic Traditions[24] -> Sunni[284] -> Barelvi[285]
Barelwī[669],Religious Group[8] -> Indic Religious Traditions[510] -> Islamic Traditions[661] -> Sunnī[663] -> Barelwī[669]
Bektashi[274],Religious Group[8] -> Islamic Traditions[24] -> Sufism[273] -> Bektashi[274]
Berber Religions[347],Religious Group[8] -> Maghreb Religions[29] -> Tunis Religions[345] -> Berber Religions[347]
Bhakti traditions[645],Religious Group[8] -> Indic Religious Traditions[510] -> Hinduism[566] -> Bhakti traditions[645]
Bhakti traditions[512],Religious Group[8] -> Indic Religious Traditions[510] -> Bhakti traditions[512]
Bohras[264],Religious Group[8] -> Islamic Traditions[24] -> Shiite/Shi'a[256] -> Ismal'ilism[259] -> Musta'li[262] -> Tayyibi[263] -> Bohras[264]
Bön (Tibetan: bon)[13],Religious Group[8] -> Bön (Tibetan: bon)[13]
Bosporus Religions[183],Religious Group[8] -> Crimean Religions[19] -> Bosporus Religions[183]
Brāhmaṇas[800],Religious Group[8] -> Indic Religious Traditions[510] -> Hinduism[566] -> Vedic texts and school[568] -> Śruti[569] -> Brāhmaṇas[800]
Brāhmaṇas[585],Religious Group[8] -> Indic Religious Traditions[510] -> Hinduism[566] -> Vedic texts and school[568] -> Śruti[569] -> Vedasaṃhitas[571] -> Atharvaveda[584] -> Brāhmaṇas[585]
Brāhmaṇas[581],Religious Group[8] -> Indic Religious Traditions[510] -> Hinduism[566] -> Vedic texts and school[568] -> Śruti[569] -> Vedasaṃhitas[571] -> Yajurveda[580] -> Brāhmaṇas[581]
Brāhmaṇas[577],Religious Group[8] -> Indic Religious Traditions[510] -> Hinduism[566] -> Vedic texts and school[568] -> Śruti[569] -> Vedasaṃhitas[571] -> Sāmaveda[576] -> Brāhmaṇas[577]
Brāhmaṇas[573],Religious Group[8] -> Indic Religious Traditions[510] -> Hinduism[566] -> Vedic texts and school[568] -> Śruti[569] -> Vedasaṃhitas[571] -> Ṛgveda[572] -> Brāhmaṇas[573]
Brethren[150],Religious Group[8] -> Christian Traditions[18] -> Brethren[150]
"Buddhism of Tibetan origin (Tibetan refugee communities in India, mostly in Bhoutan, Ladakh, Nepal and Sikkim)[559]","Religious Group[8] -> Indic Religious Traditions[510] -> Indic Buddhist Traditions[513] -> Modern Buddhist groups[556] -> Buddhism of Tibetan origin (Tibetan refugee communities in India, mostly in Bhoutan, Ladakh, Nepal and Sikkim)[559]"
Buddhist Traditions[14],Religious Group[8] -> Buddhist Traditions[14]
Byzantine Religions[54],Religious Group[8] -> Anatolian Religions[10] -> Byzantine Religions[54]
Caitika[523],Religious Group[8] -> Indic Religious Traditions[510] -> Indic Buddhist Traditions[513] -> Nikāya Buddhism (mainstream Buddhist schools)[514] -> Later schools[518] -> Caitika[523]
Caitika[81],Religious Group[8] -> Buddhist Traditions[14] -> Indian Buddhist Traditions[78] -> Mahāsāṃghika[79] -> Caitika[81]
Canaanite Religions[15],Religious Group[8] -> Canaanite Religions[15]
Caribbean Religion[897],Religious Group[8] -> Caribbean Religion[897]
Carolingian Religions[189],Religious Group[8] -> Germanic Religions[21] -> Carolingian Religions[189]
Carthage[976],Religious Group[8] -> Carthage[976]
Catholic[153],Religious Group[8] -> Christian Traditions[18] -> Catholic[153]
Celestial Masters (tianshi dao 天師道)/Way of Orthodox Unity (zhengyi dao 正一道)[136],Religious Group[8] -> Chinese Religion[123] -> Daoist Traditions[134] -> Celestial Masters (tianshi dao 天師道)/Way of Orthodox Unity (zhengyi dao 正一道)[136]
Celtic paganism[958],Religious Group[8] -> Celtic paganism[958]
Celtic Paganism[954],Religious Group[8] -> Celtic Religions[16] -> Celtic Paganism[954]
Celtic polytheism[762],Religious Group[8] -> Celtic Religions[16] -> Celtic polytheism[762]
Celtic Polytheism[959],Religious Group[8] -> Celtic Polytheism[959]
Celtic Religions[16],Religious Group[8] -> Celtic Religions[16]
Central American Religions[1002],Religious Group[8] -> Central American Religions[1002]
Central Asian Islam[907],Religious Group[8] -> Islamic Traditions[24] -> Central Asian Islam[907]
Chalcedonian[174],Religious Group[8] -> Christian Traditions[18] -> Orthodox/Eastern Christian[172] -> Chalcedonian[174]
Chan Buddhism (chan zong 禪宗)[384],Religious Group[8] -> Chinese Religion[123] -> Chinese Buddhist Traditions[383] -> Chan Buddhism (chan zong 禪宗)[384]
Chan Buddhism (chan zong 禪宗)[66],Religious Group[8] -> Buddhist Traditions[14] -> Chinese Buddhist Traditions[65] -> Chan Buddhism (chan zong 禪宗)[66]
Chandas[591],Religious Group[8] -> Indic Religious Traditions[510] -> Hinduism[566] -> Vedic texts and school[568] -> Smṛti[570] -> Vedāṅgas[588] -> Chandas[591]
Chavin Religion[789],Religious Group[8] -> South American Religions[508] -> Chavin Religion[789]
Chenla Religion[342],Religious Group[8] -> Mekong-Delta Religions[32] -> Chenla Religion[342]
Chinese Buddhist Traditions[383],Religious Group[8] -> Chinese Religion[123] -> Chinese Buddhist Traditions[383]
Chinese Buddhist Traditions[65],Religious Group[8] -> Buddhist Traditions[14] -> Chinese Buddhist Traditions[65]
Chinese Christian Traditions[238],Religious Group[8] -> Christian Traditions[18] -> Chinese Christian Traditions[238]
Chinese Christian Traditions[237],Religious Group[8] -> Chinese Religion[123] -> Chinese Christian Traditions[237]
Chinese Common Religions[126],Religious Group[8] -> Chinese Religion[123] -> Chinese Common Religions[126]
Chinese Folk Religions[127],Religious Group[8] -> Chinese Religion[123] -> Chinese Folk Religions[127]
Chinese Islamic Traditions[240],Religious Group[8] -> Islamic Traditions[24] -> Chinese Islamic Traditions[240]
Chinese Islamic Traditions[239],Religious Group[8] -> Chinese Religion[123] -> Chinese Islamic Traditions[239]
Chinese Jewish Traditions[242],Religious Group[8] -> Jewish Traditions[27] -> Chinese Jewish Traditions[242]
Chinese Jewish Traditions[241],Religious Group[8] -> Chinese Religion[123] -> Chinese Jewish Traditions[241]
Chinese Manichaen traditions[246],Religious Group[8] -> Chinese Religion[123] -> Chinese Manichaen traditions[246]
Chinese Manichaen traditions[245],Religious Group[8] -> Manichaeism[30] -> Chinese Manichaen traditions[245]
Chinese Mazdaism[248],Religious Group[8] -> Chinese Religion[123] -> Chinese Mazdaism[248]
Chinese Mazdaism[247],Religious Group[8] -> Mazdaism [31] -> Chinese Mazdaism[247]
Chinese Nestorian Traditions[244],Religious Group[8] -> Chinese Religion[123] -> Chinese Nestorian Traditions[244]
Chinese Nestorian Traditions[243],Religious Group[8] -> Nestorianism[39] -> Chinese Nestorian Traditions[243]
Chinese Religion[123],Religious Group[8] -> Chinese Religion[123]
Chinese State Religion[128],Religious Group[8] -> Chinese Religion[123] -> Chinese State Religion[128]
Chishtï[275],Religious Group[8] -> Islamic Traditions[24] -> Sufism[273] -> Chishtï[275]
Chishtī[679],Religious Group[8] -> Indic Religious Traditions[510] -> Islamic Traditions[661] -> Ṣūfī[665] -> Chishtī[679]
Christian Science[945],Religious Group[8] -> Christian Traditions[18] -> Christian Science[945]
Christian Science[168],Religious Group[8] -> Christian Traditions[18] -> New Thought[167] -> Christian Science[168]
Christians in India[564],Religious Group[8] -> Indic Religious Traditions[510] -> Christians in India[564]
Christian Traditions[18],Religious Group[8] -> Christian Traditions[18]
Circumpolar Religions[765],Religious Group[8] -> Circumpolar Religions[765]
Communal Society[914],Religious Group[8] -> Communal Society[914]
'Complete Perfection' (quanzhen dao 全真道)[141],Religious Group[8] -> Chinese Religion[123] -> Daoist Traditions[134] -> 'Complete Perfection' (quanzhen dao 全真道)[141]
Confucian (rujia 儒家) Traditions[131],Religious Group[8] -> Chinese Religion[123] -> Confucian (rujia 儒家) Traditions[131]
Conservative[358],Religious Group[8] -> Jewish Traditions[27] -> Conservative[358]
Coptic[175],Religious Group[8] -> Christian Traditions[18] -> Orthodox/Eastern Christian[172] -> Coptic[175]
Crimean Religions[19],Religious Group[8] -> Crimean Religions[19]
Cult of Perun[412],Religious Group[8] -> Slavic Religions[45] -> Cult of Perun[412]
Cybersect Buddhism[830],Religious Group[8] -> Buddhist Traditions[14] -> Cybersect Buddhism[830]
Dalit Buddhism[563],Religious Group[8] -> Indic Religious Traditions[510] -> Indic Buddhist Traditions[513] -> Modern Buddhist groups[556] -> Dalit Buddhism[563]
Dalit Christianity[825],Religious Group[8] -> Christian Traditions[18] -> Dalit Christianity[825]
Dambulla Lineage[761],Religious Group[8] -> Buddhist Traditions[14] -> Sri Lankan Buddhist Groups[752] -> Siam Nikāya[758] -> Asgiriya Lineage[760] -> Dambulla Lineage[761]
Daoist Traditions[134],Religious Group[8] -> Chinese Religion[123] -> Daoist Traditions[134]
Darśanas[609],Religious Group[8] -> Indic Religious Traditions[510] -> Hinduism[566] -> Vedic texts and school[568] -> Smṛti[570] -> Darśanas[609]
Daśabhūmikā (dilun zong 地論宗)[385],Religious Group[8] -> Chinese Religion[123] -> Chinese Buddhist Traditions[383] -> Daśabhūmikā (dilun zong 地論宗)[385]
Daśabhūmikā (dilun zong 地論宗)[67],Religious Group[8] -> Buddhist Traditions[14] -> Chinese Buddhist Traditions[65] -> Daśabhūmikā (dilun zong 地論宗)[67]
Dāʾūdī[675],Religious Group[8] -> Indic Religious Traditions[510] -> Islamic Traditions[661] -> Shīʿī[664] -> Ismāʿīlī[671] -> Mustaʿlī (Bohras or Ṭayyibī)[673] -> Dāʾūdī[675]
Daylam Religions[337],Religious Group[8] -> Mesopotamian Religions[34] -> Daylam Religions[337]
Deobandi[668],Religious Group[8] -> Indic Religious Traditions[510] -> Islamic Traditions[661] -> Sunnī[663] -> Deobandi[668]
Deoband movement[286],Religious Group[8] -> Islamic Traditions[24] -> Sunni[284] -> Deoband movement[286]
Dhanurveda[600],Religious Group[8] -> Indic Religious Traditions[510] -> Hinduism[566] -> Vedic texts and school[568] -> Smṛti[570] -> Upavedas[598] -> Dhanurveda[600]
Dharmaguptaka[524],Religious Group[8] -> Indic Religious Traditions[510] -> Indic Buddhist Traditions[513] -> Nikāya Buddhism (mainstream Buddhist schools)[514] -> Later schools[518] -> Dharmaguptaka[524]
Dharmaguptaka[86],Religious Group[8] -> Buddhist Traditions[14] -> Indian Buddhist Traditions[78] -> Sthaviravāda[85] -> Dharmaguptaka[86]
Dharmaśāstras[606],Religious Group[8] -> Indic Religious Traditions[510] -> Hinduism[566] -> Vedic texts and school[568] -> Smṛti[570] -> Dharmaśāstras[606]
Dharmasūtra[597],Religious Group[8] -> Indic Religious Traditions[510] -> Hinduism[566] -> Vedic texts and school[568] -> Smṛti[570] -> Vedāṅgas[588] -> Kalpa[594] -> Dharmasūtra[597]
Dhirmalis[706],Religious Group[8] -> Indic Religious Traditions[510] -> Sikh traditions[704] -> Dhirmalis[706]
Diaspora[844],Religious Group[8] -> Indic Religious Traditions[510] -> Hinduism[566] -> Diaspora[844]
Diaspora Judaism in Rome[731],Religious Group[8] -> Roman Religious Traditions[42] -> Diaspora Judaism in Rome[731]
Digambara[691],Religious Group[8] -> Indic Religious Traditions[510] -> Jain Traditions[690] -> Digambara[691]
Digambara[291],Religious Group[8] -> Jain Traditions[25] -> Digambara[291]
Disciplinary school (lü zong 律宗)[386],Religious Group[8] -> Chinese Religion[123] -> Chinese Buddhist Traditions[383] -> Disciplinary school (lü zong 律宗)[386]
Disciplinary school (lü zong 律宗)[68],Religious Group[8] -> Buddhist Traditions[14] -> Chinese Buddhist Traditions[65] -> Disciplinary school (lü zong 律宗)[68]
Disciplinary school (risshū 律宗)[95],Religious Group[8] -> Buddhist Traditions[14] -> Japanese Buddhist Traditions[94] -> Disciplinary school (risshū 律宗)[95]
"""Divine Presence"" Christian Snycretism[832]","Religious Group[8] -> Christian Traditions[18] -> ""Divine Presence"" Christian Snycretism[832]"
Divine Science[169],Religious Group[8] -> Christian Traditions[18] -> New Thought[167] -> Christian Science[168] -> Divine Science[169]
Druze[261],Religious Group[8] -> Islamic Traditions[24] -> Shiite/Shi'a[256] -> Ismal'ilism[259] -> Nizari[260] -> Druze[261]
Dualist Tradition[855],Religious Group[8] -> Dualist Tradition[855]
Earliest schools[515],Religious Group[8] -> Indic Religious Traditions[510] -> Indic Buddhist Traditions[513] -> Nikāya Buddhism (mainstream Buddhist schools)[514] -> Earliest schools[515]
Early Christianity[775],Religious Group[8] -> Early Christianity[775]
Early Christianity[774],Religious Group[8] -> Early Christianity[774]
Early Christianity[742],Religious Group[8] -> Christian Traditions[18] -> Early Christianity[742]
Early Christianity in Scandinavia[842],Religious Group[8] -> Christian Traditions[18] -> Early Christianity in Scandinavia[842]
Early Khālsā Sikhs[708],Religious Group[8] -> Indic Religious Traditions[510] -> Sikh traditions[704] -> Khālsā Sikhs[707] -> Early Khālsā Sikhs[708]
Early Panth[779],Religious Group[8] -> Indic Religious Traditions[510] -> Sikh traditions[704] -> Early Panth[779]
Early Rabbinism[899],Religious Group[8] -> Jewish Traditions[27] -> Early Rabbinism[899]
Egyptian Religions[732],Religious Group[8] -> Roman Religious Traditions[42] -> Egyptian Religions[732]
Egyptian Religions[20],Religious Group[8] -> Egyptian Religions[20]
Ekavyāvahārika[82],Religious Group[8] -> Buddhist Traditions[14] -> Indian Buddhist Traditions[78] -> Mahāsāṃghika[79] -> Ekavyāvahārika[82]
Elamite Religions[925],Religious Group[8] -> Mesopotamian Religions[34] -> Elamite Religions[925]
Engaged Buddhism[986],Religious Group[8] -> Buddhist Traditions[14] -> Engaged Buddhism[986]
Ennō-kyō[399],Religious Group[8] -> Shintō[297] -> New Religious Movements[398] -> Ennō-kyō[399]
Ennō-kyō[371],Religious Group[8] -> Japanese Religions[26] -> Shintō[368] -> New Religious Movements[370] -> Ennō-kyō[371]
Epicureanism[750],Religious Group[8] -> Greek Religions[22] -> Greek Philosophical Traditions[746] -> Epicureanism[750]
Ethiopian Orthodox[176],Religious Group[8] -> Christian Traditions[18] -> Orthodox/Eastern Christian[172] -> Ethiopian Orthodox[176]
Evangelical (charismatic)[784],Religious Group[8] -> Christian Traditions[18] -> Evangelical (charismatic)[784]
Faxiang school (faxiang zong 法相宗)[387],Religious Group[8] -> Chinese Religion[123] -> Chinese Buddhist Traditions[383] -> Faxiang school (faxiang zong 法相宗)[387]
Faxiang school (faxiang zong 法相宗)[69],Religious Group[8] -> Buddhist Traditions[14] -> Chinese Buddhist Traditions[65] -> Faxiang school (faxiang zong 法相宗)[69]
Fazang[841],Religious Group[8] -> Chinese Religion[123] -> Chinese Buddhist Traditions[383] -> Fazang[841]
Fertility Cult[843],Religious Group[8] -> Indic Religious Traditions[510] -> Fertility Cult[843]
Fijian Religons[312],Religious Group[8] -> Oceanic Religions[40] -> Melanesia[311] -> Fijian Religons[312]
Finno-Ugric religions[814],Religious Group[8] -> Finno-Ugric religions[814]
Firdawsī[681],Religious Group[8] -> Indic Religious Traditions[510] -> Islamic Traditions[661] -> Ṣūfī[665] -> Kubrawī[680] -> Firdawsī[681]
Frankish Religions[190],Religious Group[8] -> Germanic Religions[21] -> Frankish Religions[190]
Friends (Quakers)[158],Religious Group[8] -> Christian Traditions[18] -> Friends (Quakers)[158]
Funan Religion[343],Religious Group[8] -> Mekong-Delta Religions[32] -> Funan Religion[343]
Gabars (Iraq)[294],Religious Group[8] -> Zoroastrianism[49] -> Gabars (Iraq)[294]
Gallican[792],Religious Group[8] -> Christian Traditions[18] -> Catholic[153] -> Gallican[792]
Gāndharvaveda[601],Religious Group[8] -> Indic Religious Traditions[510] -> Hinduism[566] -> Vedic texts and school[568] -> Smṛti[570] -> Upavedas[598] -> Gāndharvaveda[601]
Gauḍīya Vaiṣṇava Sampradāya (Caitanya Vaiṣṇavism)[649],Religious Group[8] -> Indic Religious Traditions[510] -> Hinduism[566] -> Vaiṣṇava Traditions[644] -> Gauḍīya Vaiṣṇava Sampradāya (Caitanya Vaiṣṇavism)[649]
Gaul[975],Religious Group[8] -> Gaul[975]
Gaulish Pagan Religion[955],Religious Group[8] -> Celtic Religions[16] -> Gaulish Pagan Religion[955]
Gaulish polytheism[953],Religious Group[8] -> Celtic Religions[16] -> Gaulish polytheism[953]
Geluk sect (dge lugs)[117],Religious Group[8] -> Buddhist Traditions[14] -> Tibetan Buddhist Traditions[116] -> Geluk sect (dge lugs)[117]
Germanic Religions[21],Religious Group[8] -> Germanic Religions[21]
Gorakhnāth Sampradāya[641],Religious Group[8] -> Indic Religious Traditions[510] -> Hinduism[566] -> Śaiva traditions[621] -> Nāth Sampradāya[632] -> Gorakhnāth Sampradāya[641]
Greek Cult[982],Religious Group[8] -> Greek Cult[982]
Greek Domestic Religions[747],Religious Group[8] -> Greek Religions[22] -> Greek Domestic Religions[747]
Greek Mystery Cults[745],Religious Group[8] -> Greek Religions[22] -> Greek Mystery Cults[745]
Greek Philosophical Traditions[746],Religious Group[8] -> Greek Religions[22] -> Greek Philosophical Traditions[746]
Greek Polis Religions[744],Religious Group[8] -> Greek Religions[22] -> Greek Polis Religions[744]
Greek Religions[22],Religious Group[8] -> Greek Religions[22]
Greek Religions in Rome[733],Religious Group[8] -> Roman Religious Traditions[42] -> Greek Religions in Rome[733]
Gṛhyasūtra[596],Religious Group[8] -> Indic Religious Traditions[510] -> Hinduism[566] -> Vedic texts and school[568] -> Smṛti[570] -> Vedāṅgas[588] -> Kalpa[594] -> Gṛhyasūtra[596]
Hafsid Religions[349],Religious Group[8] -> Maghreb Religions[29] -> Tunis Religions[345] -> Hafsid Religions[349]
Haida[318],Religious Group[8] -> Native American (North American) Religions[38] -> Haida[318]
Ḥaidarī[689],Religious Group[8] -> Indic Religious Traditions[510] -> Islamic Traditions[661] -> Ṣūfī[665] -> Ḥaidarī[689]
Haimavata[526],Religious Group[8] -> Indic Religious Traditions[510] -> Indic Buddhist Traditions[513] -> Nikāya Buddhism (mainstream Buddhist schools)[514] -> Later schools[518] -> Haimavata[526]
Hanafi[287],Religious Group[8] -> Islamic Traditions[24] -> Sunni[284] -> Hanafi[287]
Hanbali[288],Religious Group[8] -> Islamic Traditions[24] -> Sunni[284] -> Hanbali[288]
Han Imperial Confucianism[130],Religious Group[8] -> Chinese Religion[123] -> Chinese State Religion[128] -> Han Imperial Confucianism[130]
Harappan religions[565],Religious Group[8] -> Indic Religious Traditions[510] -> Harappan religions[565]
Haridāsī Sampradāya[650],Religious Group[8] -> Indic Religious Traditions[510] -> Hinduism[566] -> Vaiṣṇava Traditions[644] -> Haridāsī Sampradāya[650]
Haruriyya[252],Religious Group[8] -> Islamic Traditions[24] -> Khawarij[250] -> Haruriyya[252]
Hasidic[359],Religious Group[8] -> Jewish Traditions[27] -> Hasidic[359]
Hawaiian Religons[317],Religious Group[8] -> Oceanic Religions[40] -> Polynesia[315] -> Hawaiian Religons[317]
Hellenistic Religions[741],Religious Group[8] -> Hellenistic Religions[741]
Heresy[854],Religious Group[8] -> Heresy[854]
'Highest Clarity' (shangqing 上清)[137],Religious Group[8] -> Chinese Religion[123] -> Daoist Traditions[134] -> 'Highest Clarity' (shangqing 上清)[137]
Himalayan Buddhists[558],Religious Group[8] -> Indic Religious Traditions[510] -> Indic Buddhist Traditions[513] -> Modern Buddhist groups[556] -> Himalayan Buddhists[558]
Himalayan Christianity[823],Religious Group[8] -> Christian Traditions[18] -> Himalayan Christianity[823]
Hinduism[566],Religious Group[8] -> Indic Religious Traditions[510] -> Hinduism[566]
Hindu Śākta traditions[643],Religious Group[8] -> Indic Religious Traditions[510] -> Hinduism[566] -> Hindu Śākta traditions[643]
Hindu Tantric traditions[642],Religious Group[8] -> Indic Religious Traditions[510] -> Hinduism[566] -> Hindu Tantric traditions[642]
Hittite Religions[55],Religious Group[8] -> Anatolian Religions[10] -> Hittite Religions[55]
Hopi Religons[319],Religious Group[8] -> Native American (North American) Religions[38] -> Hopi Religons[319]
Hossō school (hossō shū 法相宗)[96],Religious Group[8] -> Buddhist Traditions[14] -> Japanese Buddhist Traditions[94] -> Hossō school (hossō shū 法相宗)[96]
Huayan school (huayan zong 華嚴宗)[388],Religious Group[8] -> Chinese Religion[123] -> Chinese Buddhist Traditions[383] -> Huayan school (huayan zong 華嚴宗)[388]
Huayan school (huayan zong 華嚴宗)[70],Religious Group[8] -> Buddhist Traditions[14] -> Chinese Buddhist Traditions[65] -> Huayan school (huayan zong 華嚴宗)[70]
Ibadiyya[253],Religious Group[8] -> Islamic Traditions[24] -> Khawarij[250] -> Ibadiyya[253]
Il-Khanate Religions[301],Religious Group[8] -> Persian Religions[41] -> Il-Khanate Religions[301]
Imperial Confucian Traditions[235],Religious Group[8] -> Chinese Religion[123] -> Chinese State Religion[128] -> Imperial Confucian Traditions[235]
Imperial Confucian Traditions[234],Religious Group[8] -> Chinese Religion[123] -> Confucian (rujia 儒家) Traditions[131] -> Imperial Confucian Traditions[234]
Imperial Cult (emperor worship)[740],Religious Group[8] -> Roman Religious Traditions[42] -> Roman State Religions[299] -> Imperial Cult (emperor worship)[740]
Inca Religion[509],Religious Group[8] -> South American Religions[508] -> Inca Religion[509]
Indian Buddhist Traditions[78],Religious Group[8] -> Buddhist Traditions[14] -> Indian Buddhist Traditions[78]
Indic Buddhist Traditions[513],Religious Group[8] -> Indic Religious Traditions[510] -> Indic Buddhist Traditions[513]
indic religion[894],Religious Group[8] -> indic religion[894]
Indic Religious Traditions[510],Religious Group[8] -> Indic Religious Traditions[510]
Indo-European Religion[957],Religious Group[8] -> Indo-European Religion[957]
Indo-European Religion[956],Religious Group[8] -> Indo-European Religion[956]
Indus Valley Religion[567],Religious Group[8] -> Indic Religious Traditions[510] -> Hinduism[566] -> Indus Valley Religion[567]
Inner Alchemy (neidan 內丹)[140],Religious Group[8] -> Chinese Religion[123] -> Daoist Traditions[134] -> Inner Alchemy (neidan 內丹)[140]
Inuit religion[766],Religious Group[8] -> Circumpolar Religions[765] -> Inuit religion[766]
Irish Paganism[960],Religious Group[8] -> Irish Paganism[960]
Irish Polytheism[961],Religious Group[8] -> Irish Polytheism[961]
Islamic Traditions[661],Religious Group[8] -> Indic Religious Traditions[510] -> Islamic Traditions[661]
Islamic Traditions[24],Religious Group[8] -> Islamic Traditions[24]
Ismaili[838],Religious Group[8] -> Islamic Traditions[24] -> Shiite/Shi'a[256] -> Ismal'ilism[259] -> Nizari[260] -> Ismaili[838]
Ismāʿīlī[671],Religious Group[8] -> Indic Religious Traditions[510] -> Islamic Traditions[661] -> Shīʿī[664] -> Ismāʿīlī[671]
Ismal'ilism[259],Religious Group[8] -> Islamic Traditions[24] -> Shiite/Shi'a[256] -> Ismal'ilism[259]
Italic Religions[751],Religious Group[8] -> Italic Religions[751]
Italic Religions[734],Religious Group[8] -> Roman Religious Traditions[42] -> Italic Religions[734]
Ithnāʿasharī (Twelver )[672],Religious Group[8] -> Indic Religious Traditions[510] -> Islamic Traditions[661] -> Ṣūfī[665] -> Ithnāʿasharī (Twelver )[672]
Itihāsa[603],Religious Group[8] -> Indic Religious Traditions[510] -> Hinduism[566] -> Vedic texts and school[568] -> Smṛti[570] -> Itihāsa[603]
Jacobite/Syrian Orthodox[177],Religious Group[8] -> Christian Traditions[18] -> Orthodox/Eastern Christian[172] -> Jacobite/Syrian Orthodox[177]
Jafri[265],Religious Group[8] -> Islamic Traditions[24] -> Shiite/Shi'a[256] -> Jafri[265]
Jain Tantra[794],Religious Group[8] -> Indic Religious Traditions[510] -> Jain Traditions[690] -> Jain Tantra[794]
Jain Traditions[690],Religious Group[8] -> Indic Religious Traditions[510] -> Jain Traditions[690]
Jain Traditions[25],Religious Group[8] -> Jain Traditions[25]
Japanese Buddhist Traditions[364],Religious Group[8] -> Japanese Religions[26] -> Japanese Buddhist Traditions[364]
Japanese Buddhist Traditions[94],Religious Group[8] -> Buddhist Traditions[14] -> Japanese Buddhist Traditions[94]
Japanese Christianity[366],Religious Group[8] -> Japanese Religions[26] -> Japanese Christianity[366]
Japanese Christianity[365],Religious Group[8] -> Christian Traditions[18] -> Japanese Christianity[365]
Japanese Confucianism[410],Religious Group[8] -> Japanese Religions[26] -> Japanese Confucianism[410]
Japanese Neo-Confucianism[411],Religious Group[8] -> Japanese Religions[26] -> Japanese Confucianism[410] -> Japanese Neo-Confucianism[411]
Japanese Religions[26],Religious Group[8] -> Japanese Religions[26]
Japanese State Shintō[396],Religious Group[8] -> Shintō[297] -> Japanese State Shintō[396]
Japanese State Shintō[369],Religious Group[8] -> Japanese Religions[26] -> Shintō[368] -> Japanese State Shintō[369]
Jehova’s Witnesses[159],Religious Group[8] -> Christian Traditions[18] -> Jehova’s Witnesses[159]
Jetavāna[755],Religious Group[8] -> Buddhist Traditions[14] -> Sri Lankan Buddhist Groups[752] -> Jetavāna[755]
Jetavanīya[527],Religious Group[8] -> Indic Religious Traditions[510] -> Indic Buddhist Traditions[513] -> Nikāya Buddhism (mainstream Buddhist schools)[514] -> Later schools[518] -> Jetavanīya[527]
Jewish Traditions[27],Religious Group[8] -> Jewish Traditions[27]
Ji school (ji shū 時宗)[99],Religious Group[8] -> Buddhist Traditions[14] -> Japanese Buddhist Traditions[94] -> Ji school (ji shū 時宗)[99]
Jurchen Buddhist Traditions[110],Religious Group[8] -> Buddhist Traditions[14] -> Jurchen Buddhist Traditions[110]
Jyotiṣa[593],Religious Group[8] -> Indic Religious Traditions[510] -> Hinduism[566] -> Vedic texts and school[568] -> Smṛti[570] -> Vedāṅgas[588] -> Jyotiṣa[593]
Kabīrpanth[651],Religious Group[8] -> Indic Religious Traditions[510] -> Hinduism[566] -> Vaiṣṇava Traditions[644] -> Kabīrpanth[651]
Kagyü sect (bka’ brgyud)[120],Religious Group[8] -> Buddhist Traditions[14] -> Tibetan Buddhist Traditions[116] -> Kagyü sect (bka’ brgyud)[120]
Kālacakra[555],Religious Group[8] -> Indic Religious Traditions[510] -> Indic Buddhist Traditions[513] -> Tantric Buddhist traditions[552] -> Kālacakra[555]
Kālāmukhas[624],Religious Group[8] -> Indic Religious Traditions[510] -> Hinduism[566] -> Śaiva traditions[621] -> Kālāmukhas[624]
Kalpa[594],Religious Group[8] -> Indic Religious Traditions[510] -> Hinduism[566] -> Vedic texts and school[568] -> Smṛti[570] -> Vedāṅgas[588] -> Kalpa[594]
Kami worship[995],Religious Group[8] -> Kami worship[995]
Kānjī Svāmī Panth[696],Religious Group[8] -> Indic Religious Traditions[510] -> Jain Traditions[690] -> Digambara[691] -> neo-Digambara groups[694] -> Kānjī Svāmī Panth[696]
Kānphaṭa Sampradāya[640],Religious Group[8] -> Indic Religious Traditions[510] -> Hinduism[566] -> Śaiva traditions[621] -> Nāth Sampradāya[632] -> Kānphaṭa Sampradāya[640]
Kāpalikas[626],Religious Group[8] -> Indic Religious Traditions[510] -> Hinduism[566] -> Śaiva traditions[621] -> Kāpalikas[626]
Kara Koyunlu Religion[302],Religious Group[8] -> Persian Religions[41] -> Kara Koyunlu Religion[302]
Kastom[798],Religious Group[8] -> Oceanic Religions[40] -> Melanesia[311] -> Kastom[798]
Kāśyapīya[528],Religious Group[8] -> Indic Religious Traditions[510] -> Indic Buddhist Traditions[513] -> Nikāya Buddhism (mainstream Buddhist schools)[514] -> Later schools[518] -> Kāśyapīya[528]
Kāśyapīya[87],Religious Group[8] -> Buddhist Traditions[14] -> Indian Buddhist Traditions[78] -> Sthaviravāda[85] -> Kāśyapīya[87]
Kaukkutika[529],Religious Group[8] -> Indic Religious Traditions[510] -> Indic Buddhist Traditions[513] -> Nikāya Buddhism (mainstream Buddhist schools)[514] -> Later schools[518] -> Kaukkutika[529]
Kaula Tradition[635],Religious Group[8] -> Indic Religious Traditions[510] -> Hinduism[566] -> Śaiva traditions[621] -> Śaiva traditions in Kashmir[627] -> Non-Saiddhāntika traditions (vāma)[634] -> Kaula Tradition[635]
Kaurukullaka[530],Religious Group[8] -> Indic Religious Traditions[510] -> Indic Buddhist Traditions[513] -> Nikāya Buddhism (mainstream Buddhist schools)[514] -> Later schools[518] -> Kaurukullaka[530]
Kegon school (kegon shū 華嚴宗)[97],Religious Group[8] -> Buddhist Traditions[14] -> Japanese Buddhist Traditions[94] -> Kegon school (kegon shū 華嚴宗)[97]
Keśdhārī Sikhs[712],Religious Group[8] -> Indic Religious Traditions[510] -> Sikh traditions[704] -> Khālsā Sikhs[707] -> Modern Khālsā Sikhs[710] -> Keśdhārī Sikhs[712]
Khālsā Sikhs[707],Religious Group[8] -> Indic Religious Traditions[510] -> Sikh traditions[704] -> Khālsā Sikhs[707]
Kharatara Gaccha[699],Religious Group[8] -> Indic Religious Traditions[510] -> Jain Traditions[690] -> Śvētāmbara[698] -> Kharatara Gaccha[699]
Khawarij[250],Religious Group[8] -> Islamic Traditions[24] -> Khawarij[250]
Khazar Religions[186],Religious Group[8] -> Crimean Religions[19] -> Khazar Religions[186]
Khitan Buddhist Traditions[112],Religious Group[8] -> Buddhist Traditions[14] -> Khitan Buddhist Traditions[112]
Khmer Buddhism[944],Religious Group[8] -> Buddhist Traditions[14] -> Khmer Buddhism[944]
Khmer Religions[344],Religious Group[8] -> Mekong-Delta Religions[32] -> Khmer Religions[344]
Kina Ram Aghor Sampradāya[639],Religious Group[8] -> Indic Religious Traditions[510] -> Hinduism[566] -> Śaiva traditions[621] -> Aghor traditions[629] -> Kina Ram Aghor Sampradāya[639]
Korean Buddhist Traditions[353],Religious Group[8] -> Korean Religions[28] -> Korean Buddhist Traditions[353]
Korean Buddhist Traditions[352],Religious Group[8] -> Buddhist Traditions[14] -> Korean Buddhist Traditions[352]
Korean Buddhist Traditions[113],Religious Group[8] -> Buddhist Traditions[14] -> Korean Buddhist Traditions[113]
Korean Christianity[355],Religious Group[8] -> Korean Religions[28] -> Korean Christianity[355]
Korean Christianity[354],Religious Group[8] -> Christian Traditions[18] -> Korean Christianity[354]
Korean Confucianism[356],Religious Group[8] -> Korean Religions[28] -> Korean Confucianism[356]
Korean New Religion[801],Religious Group[8] -> Korean Religions[28] -> Korean New Religion[801]
Korean Religions[28],Religious Group[8] -> Korean Religions[28]
Korean Shamanism[357],Religious Group[8] -> Korean Religions[28] -> Korean Shamanism[357]
Kośa school (jushe zong 俱舍宗)[389],Religious Group[8] -> Chinese Religion[123] -> Chinese Buddhist Traditions[383] -> Kośa school (jushe zong 俱舍宗)[389]
Kośa school (jushe zong 俱舍宗)[71],Religious Group[8] -> Buddhist Traditions[14] -> Chinese Buddhist Traditions[65] -> Kośa school (jushe zong 俱舍宗)[71]
Krama tradition[636],Religious Group[8] -> Indic Religious Traditions[510] -> Hinduism[566] -> Śaiva traditions[621] -> Śaiva traditions in Kashmir[627] -> Non-Saiddhāntika traditions (vāma)[634] -> Krama tradition[636]
Kubrawī[680],Religious Group[8] -> Indic Religious Traditions[510] -> Islamic Traditions[661] -> Ṣūfī[665] -> Kubrawī[680]
Kusha school (kusha shū 俱舍宗)[98],Religious Group[8] -> Buddhist Traditions[14] -> Japanese Buddhist Traditions[94] -> Kusha school (kusha shū 俱舍宗)[98]
Kwakiutal Religions[320],Religious Group[8] -> Native American (North American) Religions[38] -> Kwakiutal Religions[320]
Lāhōrī[667],Religious Group[8] -> Indic Religious Traditions[510] -> Islamic Traditions[661] -> Aḥmadī[662] -> Lāhōrī[667]
Lakota Religious Traditions[863],Religious Group[8] -> Native American (North American) Religions[38] -> Lakota Religious Traditions[863]
Lākulas[623],Religious Group[8] -> Indic Religious Traditions[510] -> Hinduism[566] -> Śaiva traditions[621] -> Lākulas[623]
Later schools[518],Religious Group[8] -> Indic Religious Traditions[510] -> Indic Buddhist Traditions[513] -> Nikāya Buddhism (mainstream Buddhist schools)[514] -> Later schools[518]
Late Second Temple Judaism[743],Religious Group[8] -> Jewish Traditions[27] -> Late Second Temple Judaism[743]
Latter Day Saints (Mormons)[160],Religious Group[8] -> Christian Traditions[18] -> Latter Day Saints (Mormons)[160]
Legalism[142],Religious Group[8] -> Chinese Religion[123] -> Legalism[142]
Levantine Religion[929],Religious Group[8] -> Levantine Religion[929]
Liberation Theology[1000],Religious Group[8] -> Roman Catholic[996] -> Liberation Theology[1000]
Liṅgāyat or Vīraśaiva[625],Religious Group[8] -> Indic Religious Traditions[510] -> Hinduism[566] -> Śaiva traditions[621] -> Liṅgāyat or Vīraśaiva[625]
Lokottaravāda[83],Religious Group[8] -> Buddhist Traditions[14] -> Indian Buddhist Traditions[78] -> Mahāsāṃghika[79] -> Lokottaravāda[83]
Lokottaravāda or Ekavyavahārika[531],Religious Group[8] -> Indic Religious Traditions[510] -> Indic Buddhist Traditions[513] -> Nikāya Buddhism (mainstream Buddhist schools)[514] -> Later schools[518] -> Lokottaravāda or Ekavyavahārika[531]
Lutheran[163],Religious Group[8] -> Christian Traditions[18] -> Lutheran[163]
Lydian Religions[56],Religious Group[8] -> Anatolian Religions[10] -> Lydian Religions[56]
Macedonian Religions[194],Religious Group[8] -> Greek Religions[22] -> Macedonian Religions[194]
Madārī[688],Religious Group[8] -> Indic Religious Traditions[510] -> Islamic Traditions[661] -> Ṣūfī[665] -> Madārī[688]
Madārī[687],Religious Group[8] -> Indic Religious Traditions[510] -> Islamic Traditions[661] -> Ṣūfī[665] -> Madārī[687]
Mādhva Sampradāya[652],Religious Group[8] -> Indic Religious Traditions[510] -> Hinduism[566] -> Vaiṣṇava Traditions[644] -> Mādhva Sampradāya[652]
Mādhyamika[548],Religious Group[8] -> Indic Religious Traditions[510] -> Indic Buddhist Traditions[513] -> Scholastic traditions of Mahāyāna in India[547] -> Mādhyamika[548]
Mādhyamika school (sanlun zong 三論宗)[390],Religious Group[8] -> Chinese Religion[123] -> Chinese Buddhist Traditions[383] -> Mādhyamika school (sanlun zong 三論宗)[390]
Mādhyamika school (sanlun zong 三論宗)[72],Religious Group[8] -> Buddhist Traditions[14] -> Chinese Buddhist Traditions[65] -> Mādhyamika school (sanlun zong 三論宗)[72]
Mādhyamika school (sanron shū 三論宗)[100],Religious Group[8] -> Buddhist Traditions[14] -> Japanese Buddhist Traditions[94] -> Mādhyamika school (sanron shū 三論宗)[100]
Maghreb Religions[29],Religious Group[8] -> Maghreb Religions[29]
Mahābhārata[604],Religious Group[8] -> Indic Religious Traditions[510] -> Hinduism[566] -> Vedic texts and school[568] -> Smṛti[570] -> Itihāsa[603] -> Mahābhārata[604]
Mahānubhāva Sampradāya[658],Religious Group[8] -> Indic Religious Traditions[510] -> Hinduism[566] -> Vaiṣṇava Traditions[644] -> Mahānubhāva Sampradāya[658]
Mahāpurāṇas[617],Religious Group[8] -> Indic Religious Traditions[510] -> Hinduism[566] -> Vedic texts and school[568] -> Smṛti[570] -> Purāṇas[616] -> Mahāpurāṇas[617]
Mahāsāṃghika[516],Religious Group[8] -> Indic Religious Traditions[510] -> Indic Buddhist Traditions[513] -> Nikāya Buddhism (mainstream Buddhist schools)[514] -> Earliest schools[515] -> Mahāsāṃghika[516]
Mahāsāṃghika[79],Religious Group[8] -> Buddhist Traditions[14] -> Indian Buddhist Traditions[78] -> Mahāsāṃghika[79]
Mahāvihāra[753],Religious Group[8] -> Buddhist Traditions[14] -> Sri Lankan Buddhist Groups[752] -> Mahāvihāra[753]
Mahāvihāravāsa[532],Religious Group[8] -> Indic Religious Traditions[510] -> Indic Buddhist Traditions[513] -> Nikāya Buddhism (mainstream Buddhist schools)[514] -> Later schools[518] -> Mahāvihāravāsa[532]
Mahīśāsaka[533],Religious Group[8] -> Indic Religious Traditions[510] -> Indic Buddhist Traditions[513] -> Nikāya Buddhism (mainstream Buddhist schools)[514] -> Later schools[518] -> Mahīśāsaka[533]
Mahīśāsaka[88],Religious Group[8] -> Buddhist Traditions[14] -> Indian Buddhist Traditions[78] -> Sthaviravāda[85] -> Mahīśāsaka[88]
Mainland Southeast Asian Buddhist Traditions[796],Religious Group[8] -> Buddhist Traditions[14] -> Sri Lankan Buddhist Groups[752] -> Mainland Southeast Asian Buddhist Traditions[796]
Maliki[289],Religious Group[8] -> Islamic Traditions[24] -> Sunni[284] -> Maliki[289]
Malvatta Lineage[759],Religious Group[8] -> Buddhist Traditions[14] -> Sri Lankan Buddhist Groups[752] -> Siam Nikāya[758] -> Malvatta Lineage[759]
Manava Dharmaśāstra or Manusmṛti[607],Religious Group[8] -> Indic Religious Traditions[510] -> Hinduism[566] -> Vedic texts and school[568] -> Smṛti[570] -> Dharmaśāstras[606] -> Manava Dharmaśāstra or Manusmṛti[607]
Manichaeism[30],Religious Group[8] -> Manichaeism[30]
Mawlawi[276],Religious Group[8] -> Islamic Traditions[24] -> Sufism[273] -> Mawlawi[276]
Mayan Religions[340],Religious Group[8] -> Mesoamerican Religions[33] -> Mayan Religions[340]
Mayapan Religion[500],Religious Group[8] -> Mesoamerican Religions[33] -> Mayapan Religion[500]
Mazdaism [31],Religious Group[8] -> Mazdaism [31]
Median Religions[303],Religious Group[8] -> Persian Religions[41] -> Median Religions[303]
Medieval Christianity[984],Religious Group[8] -> Medieval Christianity[984]
Medieval Christianity[812],Religious Group[8] -> Christian Traditions[18] -> Medieval Christianity[812]
Mekong-Delta Religions[32],Religious Group[8] -> Mekong-Delta Religions[32]
Melanesia[311],Religious Group[8] -> Oceanic Religions[40] -> Melanesia[311]
Mennonite[164],Religious Group[8] -> Christian Traditions[18] -> Mennonite[164]
Meo Muslim[861],Religious Group[8] -> Islamic Traditions[24] -> Meo Muslim[861]
Mesoamerican Religions[33],Religious Group[8] -> Mesoamerican Religions[33]
Mesopotamian Religions[34],Religious Group[8] -> Mesopotamian Religions[34]
messianic movements[848],Religious Group[8] -> Apocalyptic Movements[846] -> messianic movements[848]
messianic movements[845],Religious Group[8] -> Islamic Traditions[24] -> messianic movements[845]
Methodism[971],Religious Group[8] -> Methodism[971]
Methodist[166],Religious Group[8] -> Christian Traditions[18] -> Methodist[166]
Micronesia[314],Religious Group[8] -> Oceanic Religions[40] -> Micronesia[314]
Middle Elamite Religions[304],Religious Group[8] -> Persian Religions[41] -> Middle Elamite Religions[304]
Millenarian Movements[849],Religious Group[8] -> Apocalyptic Movements[846] -> Millenarian Movements[849]
Mīmāṃsā[614],Religious Group[8] -> Indic Religious Traditions[510] -> Hinduism[566] -> Vedic texts and school[568] -> Smṛti[570] -> Darśanas[609] -> Mīmāṃsā[614]
Mīnā sect[720],Religious Group[8] -> Indic Religious Traditions[510] -> Sikh traditions[704] -> Mīnā sect[720]
Minoan Religions[35],Religious Group[8] -> Minoan Religions[35]
Mithraism[735],Religious Group[8] -> Roman Religious Traditions[42] -> Mithraism[735]
Mithraism[36],Religious Group[8] -> Mithraism[36]
Mixtec Religion[501],Religious Group[8] -> Mesoamerican Religions[33] -> Mixtec Religion[501]
Modern Buddhism[988],Religious Group[8] -> Buddhist Traditions[14] -> Modern Buddhism[988]
Modern Buddhist groups[556],Religious Group[8] -> Indic Religious Traditions[510] -> Indic Buddhist Traditions[513] -> Modern Buddhist groups[556]
Modern Hinduism[646],Religious Group[8] -> Indic Religious Traditions[510] -> Hinduism[566] -> Modern Hinduism[646]
Modern Khālsā Sikhs[710],Religious Group[8] -> Indic Religious Traditions[510] -> Sikh traditions[704] -> Khālsā Sikhs[707] -> Modern Khālsā Sikhs[710]
Momnas[678],Religious Group[8] -> Indic Religious Traditions[510] -> Islamic Traditions[661] -> Shīʿī[664] -> Ismāʿīlī[671] -> Nizārī (Khojas; Aga Khans)[676] -> Momnas[678]
Monastic Order[867],Religious Group[8] -> Christian Traditions[18] -> Monastic Order[867]
Mongolian Buddhism[324],Religious Group[8] -> Mongolian Religions[37] -> Mongolian Buddhism[324]
Mongolian Buddhism[114],Religious Group[8] -> Buddhist Traditions[14] -> Mongolian Buddhism[114]
Mongolian Christianity[326],Religious Group[8] -> Christian Traditions[18] -> Mongolian Christianity[326]
Mongolian Christianity[325],Religious Group[8] -> Mongolian Religions[37] -> Mongolian Christianity[325]
Mongolian Islam[328],Religious Group[8] -> Islamic Traditions[24] -> Mongolian Islam[328]
Mongolian Islam[327],Religious Group[8] -> Mongolian Religions[37] -> Mongolian Islam[327]
Mongolian Religions[37],Religious Group[8] -> Mongolian Religions[37]
Mongolian Shamanism[329],Religious Group[8] -> Mongolian Religions[37] -> Mongolian Shamanism[329]
Montanism[972],Religious Group[8] -> Montanism[972]
Mūlasarvātisvāda[534],Religious Group[8] -> Indic Religious Traditions[510] -> Indic Buddhist Traditions[513] -> Nikāya Buddhism (mainstream Buddhist schools)[514] -> Later schools[518] -> Mūlasarvātisvāda[534]
Muminid Religions[350],Religious Group[8] -> Maghreb Religions[29] -> Tunis Religions[345] -> Muminid Religions[350]
Murïdiyya[277],Religious Group[8] -> Islamic Traditions[24] -> Sufism[273] -> Murïdiyya[277]
Murtipujak[919],Religious Group[8] -> Jain Traditions[25] -> Murtipujak[919]
Musta'li[262],Religious Group[8] -> Islamic Traditions[24] -> Shiite/Shi'a[256] -> Ismal'ilism[259] -> Musta'li[262]
Mustaʿlī (Bohras or Ṭayyibī)[673],Religious Group[8] -> Indic Religious Traditions[510] -> Islamic Traditions[661] -> Shīʿī[664] -> Ismāʿīlī[671] -> Mustaʿlī (Bohras or Ṭayyibī)[673]
Mystery Religion[983],Religious Group[8] -> Mystery Religion[983]
Nāmdhārī Sikhs (Kuka movement)[713],Religious Group[8] -> Indic Religious Traditions[510] -> Sikh traditions[704] -> Nāmdhārī Sikhs (Kuka movement)[713]
Nānakpanthī Sikhs[715],Religious Group[8] -> Indic Religious Traditions[510] -> Sikh traditions[704] -> Nānakpanthī Sikhs[715]
Naqshbandi[278],Religious Group[8] -> Islamic Traditions[24] -> Sufism[273] -> Naqshbandi[278]
Naqshbandī[683],Religious Group[8] -> Indic Religious Traditions[510] -> Islamic Traditions[661] -> Ṣūfī[665] -> Naqshbandī[683]
Nāth Sampradāya[632],Religious Group[8] -> Indic Religious Traditions[510] -> Hinduism[566] -> Śaiva traditions[621] -> Nāth Sampradāya[632]
Nation of Islam[255],Religious Group[8] -> Islamic Traditions[24] -> Nation of Islam[255]
Native American (North American) Religions[38],Religious Group[8] -> Native American (North American) Religions[38]
Natural Religion[985],Religious Group[8] -> Natural Religion[985]
Navajo Religions[321],Religious Group[8] -> Native American (North American) Religions[38] -> Navajo Religions[321]
Neo-Buddhism[561],Religious Group[8] -> Indic Religious Traditions[510] -> Indic Buddhist Traditions[513] -> Modern Buddhist groups[556] -> Neo-Buddhism[561]
Neo-Confucian Traditions[133],Religious Group[8] -> Chinese Religion[123] -> Confucian (rujia 儒家) Traditions[131] -> Neo-Confucian Traditions[133]
neo-Digambara groups[694],Religious Group[8] -> Indic Religious Traditions[510] -> Jain Traditions[690] -> Digambara[691] -> neo-Digambara groups[694]
Neo-Elamite Religions[305],Religious Group[8] -> Persian Religions[41] -> Neo-Elamite Religions[305]
Neoplatonism[195],Religious Group[8] -> Greek Religions[22] -> Greek Philosophical Traditions[746] -> Neoplatonism[195]
Nepali Buddhist Traditions[795],Religious Group[8] -> Buddhist Traditions[14] -> Nepali Buddhist Traditions[795]
Nestorian[178],Religious Group[8] -> Christian Traditions[18] -> Orthodox/Eastern Christian[172] -> Nestorian[178]
Nestorianism[39],Religious Group[8] -> Nestorianism[39]
New Age Religion[788],Religious Group[8] -> New Age Religion[788]
Newar Buddhism[852],Religious Group[8] -> Buddhist Traditions[14] -> Nepali Buddhist Traditions[795] -> Newar Buddhism[852]
New Prophecy[973],Religious Group[8] -> New Prophecy[973]
New Religious Movement[786],Religious Group[8] -> New Religious Movement[786]
New Religious Movement (NRM)[834],Religious Group[8] -> New Religious Movement (NRM)[834]
New Religious Movements[398],Religious Group[8] -> Shintō[297] -> New Religious Movements[398]
New Religious Movements[370],Religious Group[8] -> Japanese Religions[26] -> Shintō[368] -> New Religious Movements[370]
New Thought[167],Religious Group[8] -> Christian Traditions[18] -> New Thought[167]
Nichiren (nichiren shū 日蓮宗)[101],Religious Group[8] -> Buddhist Traditions[14] -> Japanese Buddhist Traditions[94] -> Nichiren (nichiren shū 日蓮宗)[101]
Nihang Sikhs (Akālī Sikhs)[716],Religious Group[8] -> Indic Religious Traditions[510] -> Sikh traditions[704] -> Nihang Sikhs (Akālī Sikhs)[716]
Nikāya Buddhism (mainstream Buddhist schools)[514],Religious Group[8] -> Indic Religious Traditions[510] -> Indic Buddhist Traditions[513] -> Nikāya Buddhism (mainstream Buddhist schools)[514]
Nildhari[714],Religious Group[8] -> Indic Religious Traditions[510] -> Sikh traditions[704] -> Nāmdhārī Sikhs (Kuka movement)[713] -> Nildhari[714]
Nimbārka Sampradāya[653],Religious Group[8] -> Indic Religious Traditions[510] -> Hinduism[566] -> Vaiṣṇava Traditions[644] -> Nimbārka Sampradāya[653]
Nirankarī Sikhs[717],Religious Group[8] -> Indic Religious Traditions[510] -> Sikh traditions[704] -> Nirankarī Sikhs[717]
Nirmalā Sikhs[719],Religious Group[8] -> Indic Religious Traditions[510] -> Sikh traditions[704] -> Nirmalā Sikhs[719]
Nirukta[592],Religious Group[8] -> Indic Religious Traditions[510] -> Hinduism[566] -> Vedic texts and school[568] -> Smṛti[570] -> Vedāṅgas[588] -> Nirukta[592]
Nizari[260],Religious Group[8] -> Islamic Traditions[24] -> Shiite/Shi'a[256] -> Ismal'ilism[259] -> Nizari[260]
Nizārī (Khojas; Aga Khans)[676],Religious Group[8] -> Indic Religious Traditions[510] -> Islamic Traditions[661] -> Shīʿī[664] -> Ismāʿīlī[671] -> Nizārī (Khojas; Aga Khans)[676]
Non-Murtipujak[920],Religious Group[8] -> Jain Traditions[25] -> Non-Murtipujak[920]
Non-Saiddhāntika traditions (vāma)[634],Religious Group[8] -> Indic Religious Traditions[510] -> Hinduism[566] -> Śaiva traditions[621] -> Śaiva traditions in Kashmir[627] -> Non-Saiddhāntika traditions (vāma)[634]
Nonsectarian[922],Religious Group[8] -> Jain Traditions[25] -> Nonsectarian[922]
Norse Early Iron Age Religion[771],Religious Group[8] -> Germanic Religions[21] -> Norse pre-Christian Religions[770] -> Norse Early Iron Age Religion[771]
Norse Late Iron Age / Viking Age Religion[772],Religious Group[8] -> Germanic Religions[21] -> Norse pre-Christian Religions[770] -> Norse Late Iron Age / Viking Age Religion[772]
Norse pre-Christian Religions[770],Religious Group[8] -> Germanic Religions[21] -> Norse pre-Christian Religions[770]
North American Religions[998],Religious Group[8] -> North American Religions[998]
North British paganism[962],Religious Group[8] -> North British paganism[962]
North British polytheism[963],Religious Group[8] -> North British polytheism[963]
'Numinous Treasure'/Lingbao school (lingbao 靈寶)[138],Religious Group[8] -> Chinese Religion[123] -> Daoist Traditions[134] -> 'Numinous Treasure'/Lingbao school (lingbao 靈寶)[138]
Nyāya[611],Religious Group[8] -> Indic Religious Traditions[510] -> Hinduism[566] -> Vedic texts and school[568] -> Smṛti[570] -> Darśanas[609] -> Nyāya[611]
Nyingma sect (rnying ma)[119],Religious Group[8] -> Buddhist Traditions[14] -> Tibetan Buddhist Traditions[116] -> Nyingma sect (rnying ma)[119]
Ōbaku Zen (ōbaku shū 黄檗宗)[102],Religious Group[8] -> Buddhist Traditions[14] -> Japanese Buddhist Traditions[94] -> Ōbaku Zen (ōbaku shū 黄檗宗)[102]
Oceanic Religions[40],Religious Group[8] -> Oceanic Religions[40]
Old Babylonian Religions[333],Religious Group[8] -> Mesopotamian Religions[34] -> Old Babylonian Religions[333]
Old Catholic[155],Religious Group[8] -> Christian Traditions[18] -> Catholic[153] -> Old Catholic[155]
Olmec religion[497],Religious Group[8] -> Mesoamerican Religions[33] -> Olmec religion[497]
Orthodox Baha'i[64],Religious Group[8] -> Babi and Baha’i Faiths [12] -> Orthodox Baha'i[64]
Orthodox Christianity[179],Religious Group[8] -> Christian Traditions[18] -> Orthodox/Eastern Christian[172] -> Orthodox Christianity[179]
Orthodox/Eastern Christian[381],Religious Group[8] -> Anatolian Religions[10] -> Armenian Religion[53] -> Orthodox/Eastern Christian[381]
Orthodox/Eastern Christian[172],Religious Group[8] -> Christian Traditions[18] -> Orthodox/Eastern Christian[172]
Orthodox Judaism[360],Religious Group[8] -> Jewish Traditions[27] -> Hasidic[359] -> Orthodox Judaism[360]
Ottoman Religions[60],Religious Group[8] -> Anatolian Religions[10] -> Ottoman Religions[60]
Oveyssi[279],Religious Group[8] -> Islamic Traditions[24] -> Sufism[273] -> Oveyssi[279]
Pāñcarātra tradition[655],Religious Group[8] -> Indic Religious Traditions[510] -> Hinduism[566] -> Vaiṣṇava Traditions[644] -> Pāñcarātra tradition[655]
Panj Mel[721],Religious Group[8] -> Indic Religious Traditions[510] -> Sikh traditions[704] -> Panj Mel[721]
Pantheistic[815],Religious Group[8] -> Pantheistic[815]
Parsis (India)[295],Religious Group[8] -> Zoroastrianism[49] -> Parsis (India)[295]
Parthian (Arsacid) Religions[306],Religious Group[8] -> Persian Religions[41] -> Parthian (Arsacid) Religions[306]
Pāśupatas[622],Religious Group[8] -> Indic Religious Traditions[510] -> Hinduism[566] -> Śaiva traditions[621] -> Pāśupatas[622]
Pentacostal[797],Religious Group[8] -> African Religions[9] -> Pentacostal[797]
Pentecostal[180],Religious Group[8] -> Christian Traditions[18] -> Pentecostal[180]
Pergamon Religions[57],Religious Group[8] -> Anatolian Religions[10] -> Pergamon Religions[57]
Persian Religions[41],Religious Group[8] -> Persian Religions[41]
Phrygia[978],Religious Group[8] -> Phrygia[978]
Phrygian Religions[58],Religious Group[8] -> Anatolian Religions[10] -> Phrygian Religions[58]
Pictish pagan religion[964],Religious Group[8] -> Pictish pagan religion[964]
Platonism[748],Religious Group[8] -> Greek Religions[22] -> Greek Philosophical Traditions[746] -> Platonism[748]
PL Kyōdan/Church of Perfect Liberty[400],Religious Group[8] -> Shintō[297] -> New Religious Movements[398] -> PL Kyōdan/Church of Perfect Liberty[400]
PL Kyōdan/Church of Perfect Liberty[372],Religious Group[8] -> Japanese Religions[26] -> Shintō[368] -> New Religious Movements[370] -> PL Kyōdan/Church of Perfect Liberty[372]
Plymouth[152],Religious Group[8] -> Christian Traditions[18] -> Brethren[150] -> Plymouth[152]
Polynesia[315],Religious Group[8] -> Oceanic Religions[40] -> Polynesia[315]
Prajñaptivāda[535],Religious Group[8] -> Indic Religious Traditions[510] -> Indic Buddhist Traditions[513] -> Nikāya Buddhism (mainstream Buddhist schools)[514] -> Later schools[518] -> Prajñaptivāda[535]
Prajñaptivāda[84],Religious Group[8] -> Buddhist Traditions[14] -> Indian Buddhist Traditions[78] -> Mahāsāṃghika[79] -> Prajñaptivāda[84]
Prāsaṇgika[549],Religious Group[8] -> Indic Religious Traditions[510] -> Indic Buddhist Traditions[513] -> Scholastic traditions of Mahāyāna in India[547] -> Mādhyamika[548] -> Prāsaṇgika[549]
Pratyabhijñā[638],Religious Group[8] -> Indic Religious Traditions[510] -> Hinduism[566] -> Śaiva traditions[621] -> Śaiva traditions in Kashmir[627] -> Pratyabhijñā[638]
Pre-Qin Confucian Traditions[132],Religious Group[8] -> Chinese Religion[123] -> Confucian (rujia 儒家) Traditions[131] -> Pre-Qin Confucian Traditions[132]
Prophecy[979],Religious Group[8] -> Prophecy[979]
Protestantism[826],Religious Group[8] -> Christian Traditions[18] -> Protestantism[826]
Pudgalavāda[536],Religious Group[8] -> Indic Religious Traditions[510] -> Indic Buddhist Traditions[513] -> Nikāya Buddhism (mainstream Buddhist schools)[514] -> Later schools[518] -> Pudgalavāda[536]
Pudgalavāda[89],Religious Group[8] -> Buddhist Traditions[14] -> Indian Buddhist Traditions[78] -> Sthaviravāda[85] -> Pudgalavāda[89]
Purāṇas[616],Religious Group[8] -> Indic Religious Traditions[510] -> Hinduism[566] -> Vedic texts and school[568] -> Smṛti[570] -> Purāṇas[616]
Pure Land school (jingtu zong 淨土宗)[391],Religious Group[8] -> Chinese Religion[123] -> Chinese Buddhist Traditions[383] -> Pure Land school (jingtu zong 淨土宗)[391]
Pure Land school (jingtu zong 淨土宗)[73],Religious Group[8] -> Buddhist Traditions[14] -> Chinese Buddhist Traditions[65] -> Pure Land school (jingtu zong 淨土宗)[73]
Pure Land school  (jōdo shū 淨土宗)[103],Religious Group[8] -> Buddhist Traditions[14] -> Japanese Buddhist Traditions[94] -> Pure Land school  (jōdo shū 淨土宗)[103]
Pūrvaśaila[542],Religious Group[8] -> Indic Religious Traditions[510] -> Indic Buddhist Traditions[513] -> Nikāya Buddhism (mainstream Buddhist schools)[514] -> Later schools[518] -> Pūrvaśaila[542]
Qādirī[682],Religious Group[8] -> Indic Religious Traditions[510] -> Islamic Traditions[661] -> Ṣūfī[665] -> Qādirī[682]
Qadiriyyah[280],Religious Group[8] -> Islamic Traditions[24] -> Sufism[273] -> Qadiriyyah[280]
Qādiyānī[666],Religious Group[8] -> Indic Religious Traditions[510] -> Islamic Traditions[661] -> Aḥmadī[662] -> Qādiyānī[666]
Qalandāri[686],Religious Group[8] -> Indic Religious Traditions[510] -> Islamic Traditions[661] -> Ṣūfī[665] -> Qalandāri[686]
Qaramita[258],Religious Group[8] -> Islamic Traditions[24] -> Shiite/Shi'a[256] -> Ismal'ilism[259] -> Sevenver[257] -> Qaramita[258]
Qin Legalism[143],Religious Group[8] -> Chinese Religion[123] -> Legalism[142] -> Qin Legalism[143]
Quan Yin Method[831],Religious Group[8] -> Buddhist Traditions[14] -> Quan Yin Method[831]
Radhasoami[822],Religious Group[8] -> Indic Religious Traditions[510] -> Hinduism[566] -> Modern Hinduism[646] -> Radhasoami[822]
Rādhāvallabha Sampradāya[654],Religious Group[8] -> Indic Religious Traditions[510] -> Hinduism[566] -> Vaiṣṇava Traditions[644] -> Rādhāvallabha Sampradāya[654]
Rāmānanda Sampradāya[659],Religious Group[8] -> Indic Religious Traditions[510] -> Hinduism[566] -> Vaiṣṇava Traditions[644] -> Rāmānanda Sampradāya[659]
Rāmañña Nikāya[756],Religious Group[8] -> Buddhist Traditions[14] -> Sri Lankan Buddhist Groups[752] -> Rāmañña Nikāya[756]
Rāmāyaṇa[605],Religious Group[8] -> Indic Religious Traditions[510] -> Hinduism[566] -> Vedic texts and school[568] -> Smṛti[570] -> Itihāsa[603] -> Rāmāyaṇa[605]
Rāmdāsī Sikhs[722],Religious Group[8] -> Indic Religious Traditions[510] -> Sikh traditions[704] -> Rāmdāsī Sikhs[722]
Ravidāsī Sikhs[723],Religious Group[8] -> Indic Religious Traditions[510] -> Sikh traditions[704] -> Ravidāsī Sikhs[723]
Reconstructionist[361],Religious Group[8] -> Jewish Traditions[27] -> Reconstructionist[361]
Reform[362],Religious Group[8] -> Jewish Traditions[27] -> Reform[362]
Reformed/Presbyterian/Congregational/United[181],Religious Group[8] -> Christian Traditions[18] -> Reformed/Presbyterian/Congregational/United[181]
Reform Movement[866],Religious Group[8] -> Reform Movement[866]
[Religions of] Carthage[348],Religious Group[8] -> Maghreb Religions[29] -> Tunis Religions[345] -> [Religions of] Carthage[348]
[Religions of] Pontus Kingdom[59],Religious Group[8] -> Anatolian Religions[10] -> [Religions of] Pontus Kingdom[59]
[Religions of the] Abbāsid Caliphate[334],Religious Group[8] -> Mesopotamian Religions[34] -> [Religions of the] Abbāsid Caliphate[334]
[Religions of the] Golden Horde[184],Religious Group[8] -> Crimean Religions[19] -> [Religions of the] Golden Horde[184]
[Religions of the] Kipchak Confederation[185],Religious Group[8] -> Crimean Religions[19] -> [Religions of the] Kipchak Confederation[185]
[Religions of the] Rashidun Caliphate[335],Religious Group[8] -> Mesopotamian Religions[34] -> [Religions of the] Rashidun Caliphate[335]
[Religions of the] Seljuk Sultanate[310],Religious Group[8] -> Persian Religions[41] -> [Religions of the] Seljuk Sultanate[310]
[Religions of the] Umayyad Caliphate[336],Religious Group[8] -> Mesopotamian Religions[34] -> [Religions of the] Umayyad Caliphate[336]
[Religions of] Vandal Kingdom[351],Religious Group[8] -> Maghreb Religions[29] -> Tunis Religions[345] -> [Religions of] Vandal Kingdom[351]
Religious Group[8],Religious Group[8]
Religious Group (fr)[879],Religious Group (fr)[879]
Religious Group (ja)[882],Religious Group (ja)[882]
Religious Group (zh-hans)[880],Religious Group (zh-hans)[880]
Religious Group (zh-hant)[881],Religious Group (zh-hant)[881]
Religious Science[170],Religious Group[8] -> Christian Traditions[18] -> New Thought[167] -> Christian Science[168] -> Religious Science[170]
Reorganized Church of Jesus Christ of Latter-day Saints[162],Religious Group[8] -> Christian Traditions[18] -> Latter Day Saints (Mormons)[160] -> Reorganized Church of Jesus Christ of Latter-day Saints[162]
Republican Religions[506],Religious Group[8] -> Roman Religious Traditions[42] -> Roman State Religions[299] -> Republican Religions[506]
Ṛgveda[572],Religious Group[8] -> Indic Religious Traditions[510] -> Hinduism[566] -> Vedic texts and school[568] -> Śruti[569] -> Vedasaṃhitas[571] -> Ṛgveda[572]
Rinzai Zen (rinzai shū 臨済宗)[104],Religious Group[8] -> Buddhist Traditions[14] -> Japanese Buddhist Traditions[94] -> Rinzai Zen (rinzai shū 臨済宗)[104]
'Roman' Catholic[156],Religious Group[8] -> Christian Traditions[18] -> Catholic[153] -> 'Roman' Catholic[156]
Roman Catholic[996],Religious Group[8] -> Roman Catholic[996]
Roman Domestic Cult[738],Religious Group[8] -> Roman Religious Traditions[42] -> Roman Private Religions[736] -> Roman Domestic Cult[738]
Romano-British paganism[773],Religious Group[8] -> Roman Religious Traditions[42] -> Romano-British paganism[773]
Romano-British paganism[763],Religious Group[8] -> Celtic Religions[16] -> Romano-British paganism[763]
Roman Private Religions[736],Religious Group[8] -> Roman Religious Traditions[42] -> Roman Private Religions[736]
Roman Religions[900],Religious Group[8] -> Roman Religions[900]
Roman Religious Traditions[42],Religious Group[8] -> Roman Religious Traditions[42]
Roman State Religions[299],Religious Group[8] -> Roman Religious Traditions[42] -> Roman State Religions[299]
Rome[974],Religious Group[8] -> Rome[974]
Rotuman Religions[313],Religious Group[8] -> Oceanic Religions[40] -> Melanesia[311] -> Fijian Religons[312] -> Rotuman Religions[313]
Russian Orthodox[764],Religious Group[8] -> Christian Traditions[18] -> Orthodox/Eastern Christian[172] -> Russian Orthodox[764]
Safavid Religions[307],Religious Group[8] -> Persian Religions[41] -> Safavid Religions[307]
Sahajayāna[554],Religious Group[8] -> Indic Religious Traditions[510] -> Indic Buddhist Traditions[513] -> Tantric Buddhist traditions[552] -> Sahajayāna[554]
Sahajdhārī  Sikhs[724],Religious Group[8] -> Indic Religious Traditions[510] -> Sikh traditions[704] -> Sahajdhārī  Sikhs[724]
Śaiva Daśanāmī order[631],Religious Group[8] -> Indic Religious Traditions[510] -> Hinduism[566] -> Śaiva traditions[621] -> Śaiva Daśanāmī order[631]
Śaiva Siddhānta (dakṣina)[633],Religious Group[8] -> Indic Religious Traditions[510] -> Hinduism[566] -> Śaiva traditions[621] -> Śaiva traditions in Kashmir[627] -> Śaiva Siddhānta (dakṣina)[633]
Śaiva traditions[621],Religious Group[8] -> Indic Religious Traditions[510] -> Hinduism[566] -> Śaiva traditions[621]
Śaiva traditions in Kashmir[627],Religious Group[8] -> Indic Religious Traditions[510] -> Hinduism[566] -> Śaiva traditions[621] -> Śaiva traditions in Kashmir[627]
Sakya sect (sa skya)[121],Religious Group[8] -> Buddhist Traditions[14] -> Tibetan Buddhist Traditions[116] -> Sakya sect (sa skya)[121]
Sāmaveda[576],Religious Group[8] -> Indic Religious Traditions[510] -> Hinduism[566] -> Vedic texts and school[568] -> Śruti[569] -> Vedasaṃhitas[571] -> Sāmaveda[576]
Sámi religion[767],Religious Group[8] -> Circumpolar Religions[765] -> Sámi religion[767]
Sāṃkhya[613],Religious Group[8] -> Indic Religious Traditions[510] -> Hinduism[566] -> Vedic texts and school[568] -> Smṛti[570] -> Darśanas[609] -> Sāṃkhya[613]
Saṃmatīya[90],Religious Group[8] -> Buddhist Traditions[14] -> Indian Buddhist Traditions[78] -> Sthaviravāda[85] -> Pudgalavāda[89] -> Saṃmatīya[90]
Sāṃmatīya[541],Religious Group[8] -> Buddhist Traditions[14] -> Indian Buddhist Traditions[78] -> Sthaviravāda[85] -> Pudgalavāda[89] -> Vātsīputrīya[91] -> Sāṃmatīya[541]
Ṣaṇnagarika[540],Religious Group[8] -> Buddhist Traditions[14] -> Indian Buddhist Traditions[78] -> Sthaviravāda[85] -> Pudgalavāda[89] -> Vātsīputrīya[91] -> Ṣaṇnagarika[540]
Sant Mat[828],Religious Group[8] -> Indic Religious Traditions[510] -> Hinduism[566] -> Sant Mat[828]
Sant Mat[827],Religious Group[8] -> Indic Religious Traditions[510] -> Sant Mat[827]
Sant Nirankarī [718],Religious Group[8] -> Indic Religious Traditions[510] -> Sikh traditions[704] -> Nirankarī Sikhs[717] -> Sant Nirankarī [718]
Sarvāstivāda[850],Religious Group[8] -> Buddhist Traditions[14] -> Indian Buddhist Traditions[78] -> Sarvāstivāda[850]
Sarvāstivāda[525],Religious Group[8] -> Indic Religious Traditions[510] -> Indic Buddhist Traditions[513] -> Nikāya Buddhism (mainstream Buddhist schools)[514] -> Later schools[518] -> Sarvāstivāda[525]
Sarvāstivāda[92],Religious Group[8] -> Buddhist Traditions[14] -> Indian Buddhist Traditions[78] -> Sthaviravāda[85] -> Sarvāstivāda[92]
Sāsānian Religion[308],Religious Group[8] -> Persian Religions[41] -> Sāsānian Religion[308]
Satyasiddhi school (chengshi zong 成實宗)[392],Religious Group[8] -> Chinese Religion[123] -> Chinese Buddhist Traditions[383] -> Satyasiddhi school (chengshi zong 成實宗)[392]
Satyasiddhi school (chengshi zong 成實宗)[74],Religious Group[8] -> Buddhist Traditions[14] -> Chinese Buddhist Traditions[65] -> Satyasiddhi school (chengshi zong 成實宗)[74]
Satyasiddhi school (jōjitsu shū 成實宗)[106],Religious Group[8] -> Buddhist Traditions[14] -> Japanese Buddhist Traditions[94] -> Satyasiddhi school (jōjitsu shū 成實宗)[106]
Sautrāntika/Dārṣṭāntika[543],Religious Group[8] -> Indic Religious Traditions[510] -> Indic Buddhist Traditions[513] -> Nikāya Buddhism (mainstream Buddhist schools)[514] -> Later schools[518] -> Sautrāntika/Dārṣṭāntika[543]
Scholastic Buddhism[952],Religious Group[8] -> Buddhist Traditions[14] -> Scholastic Buddhism[952]
Scholastic traditions of Mahāyāna in India[547],Religious Group[8] -> Indic Religious Traditions[510] -> Indic Buddhist Traditions[513] -> Scholastic traditions of Mahāyāna in India[547]
Sect of the Three Stages (sanjie jiao 三階教)[393],Religious Group[8] -> Chinese Religion[123] -> Chinese Buddhist Traditions[383] -> Sect of the Three Stages (sanjie jiao 三階教)[393]
Sect of the Three Stages (sanjie jiao 三階教)[75],Religious Group[8] -> Buddhist Traditions[14] -> Chinese Buddhist Traditions[65] -> Sect of the Three Stages (sanjie jiao 三階教)[75]
Sect Shintō[406],Religious Group[8] -> Shintō[297] -> Sect Shintō[406]
Sect Shintō[378],Religious Group[8] -> Japanese Religions[26] -> Shintō[368] -> Sect Shintō[378]
Secularism[916],Religious Group[8] -> Secularism[916]
Seichō-no-ie[401],Religious Group[8] -> Shintō[297] -> New Religious Movements[398] -> Seichō-no-ie[401]
Seichō-no-ie[373],Religious Group[8] -> Japanese Religions[26] -> Shintō[368] -> New Religious Movements[370] -> Seichō-no-ie[373]
Sekai Kyūsei kyō/Church of World Messianity[402],Religious Group[8] -> Shintō[297] -> New Religious Movements[398] -> Sekai Kyūsei kyō/Church of World Messianity[402]
Sekai Kyūsei kyō/Church of World Messianity[374],Religious Group[8] -> Japanese Religions[26] -> Shintō[368] -> New Religious Movements[370] -> Sekai Kyūsei kyō/Church of World Messianity[374]
Seleucid Religions[309],Religious Group[8] -> Persian Religions[41] -> Seleucid Religions[309]
Sevāpanthī Sikhs[725],Religious Group[8] -> Indic Religious Traditions[510] -> Sikh traditions[704] -> Sevāpanthī Sikhs[725]
Sevenver[257],Religious Group[8] -> Islamic Traditions[24] -> Shiite/Shi'a[256] -> Ismal'ilism[259] -> Sevenver[257]
Shadhil[281],Religious Group[8] -> Islamic Traditions[24] -> Sufism[273] -> Shadhil[281]
Shafi'i[290],Religious Group[8] -> Islamic Traditions[24] -> Sunni[284] -> Shafi'i[290]
Shamanism[904],Religious Group[8] -> Shamanism[904]
Shamsī[677],Religious Group[8] -> Indic Religious Traditions[510] -> Islamic Traditions[661] -> Shīʿī[664] -> Ismāʿīlī[671] -> Nizārī (Khojas; Aga Khans)[676] -> Shamsī[677]
Shang Religion / Western Zhou Religion[129],Religious Group[8] -> Chinese Religion[123] -> Chinese State Religion[128] -> Shang Religion / Western Zhou Religion[129]
Shaṭṭārī[684],Religious Group[8] -> Indic Religious Traditions[510] -> Islamic Traditions[661] -> Ṣūfī[665] -> Shaṭṭārī[684]
Shaykhi[270],Religious Group[8] -> Islamic Traditions[24] -> Shiite/Shi'a[256] -> Jafri[265] -> Twelver[268] -> Akbari[269] -> Shaykhi[270]
Shīʿī[664],Religious Group[8] -> Indic Religious Traditions[510] -> Islamic Traditions[661] -> Shīʿī[664]
Shiite/Shi'a[256],Religious Group[8] -> Islamic Traditions[24] -> Shiite/Shi'a[256]
Shin Buddhism (jōdo shinshū 浄土真宗)[107],Religious Group[8] -> Buddhist Traditions[14] -> Japanese Buddhist Traditions[94] -> Shin Buddhism (jōdo shinshū 浄土真宗)[107]
Shingon (shingon shū 真言宗)[108],Religious Group[8] -> Buddhist Traditions[14] -> Japanese Buddhist Traditions[94] -> Shingon (shingon shū 真言宗)[108]
Shintō[368],Religious Group[8] -> Japanese Religions[26] -> Shintō[368]
Shintō[297],Religious Group[8] -> Shintō[297]
Shoshoni Religions[322],Religious Group[8] -> Native American (North American) Religions[38] -> Shoshoni Religions[322]
Shrine Shintō[407],Religious Group[8] -> Shintō[297] -> Shrine Shintō[407]
Shrine Shintō[379],Religious Group[8] -> Japanese Religions[26] -> Shintō[368] -> Shrine Shintō[379]
Siam Nikāya[758],Religious Group[8] -> Buddhist Traditions[14] -> Sri Lankan Buddhist Groups[752] -> Siam Nikāya[758]
Sikhism[44],Religious Group[8] -> Sikhism[44]
Sikh traditions[704],Religious Group[8] -> Indic Religious Traditions[510] -> Sikh traditions[704]
Śikṣā[589],Religious Group[8] -> Indic Religious Traditions[510] -> Hinduism[566] -> Vedic texts and school[568] -> Smṛti[570] -> Vedāṅgas[588] -> Śikṣā[589]
Slavic Religions[45],Religious Group[8] -> Slavic Religions[45]
Smārta[647],Religious Group[8] -> Indic Religious Traditions[510] -> Hinduism[566] -> Smārta[647]
Smṛti[570],Religious Group[8] -> Indic Religious Traditions[510] -> Hinduism[566] -> Vedic texts and school[568] -> Smṛti[570]
Soto Zen (sōtō shū 曹洞宗)[105],Religious Group[8] -> Buddhist Traditions[14] -> Japanese Buddhist Traditions[94] -> Soto Zen (sōtō shū 曹洞宗)[105]
South American Religions[508],Religious Group[8] -> South American Religions[508]
Southeast Asian Religions[808],Religious Group[8] -> Southeast Asian Religions[808]
Śrautasūtra[595],Religious Group[8] -> Indic Religious Traditions[510] -> Hinduism[566] -> Vedic texts and school[568] -> Smṛti[570] -> Vedāṅgas[588] -> Kalpa[594] -> Śrautasūtra[595]
Sri Lankan Buddhist Groups[752],Religious Group[8] -> Buddhist Traditions[14] -> Sri Lankan Buddhist Groups[752]
Śrīmad Rājacandra movement[695],Religious Group[8] -> Indic Religious Traditions[510] -> Jain Traditions[690] -> Digambara[691] -> neo-Digambara groups[694] -> Śrīmad Rājacandra movement[695]
Śruti[569],Religious Group[8] -> Indic Religious Traditions[510] -> Hinduism[566] -> Vedic texts and school[568] -> Śruti[569]
Sthalapurāṇas[619],Religious Group[8] -> Indic Religious Traditions[510] -> Hinduism[566] -> Vedic texts and school[568] -> Smṛti[570] -> Purāṇas[616] -> Sthalapurāṇas[619]
Sthanakavasis[292],Religious Group[8] -> Jain Traditions[25] -> Sthanakavasis[292]
Sthānakvāsī[702],Religious Group[8] -> Indic Religious Traditions[510] -> Jain Traditions[690] -> Śvētāmbara[698] -> Sthānakvāsī[702]
Sthāpatyaveda[602],Religious Group[8] -> Indic Religious Traditions[510] -> Hinduism[566] -> Vedic texts and school[568] -> Smṛti[570] -> Upavedas[598] -> Sthāpatyaveda[602]
Sthaviranikāya[517],Religious Group[8] -> Indic Religious Traditions[510] -> Indic Buddhist Traditions[513] -> Nikāya Buddhism (mainstream Buddhist schools)[514] -> Earliest schools[515] -> Sthaviranikāya[517]
Sthaviravāda[85],Religious Group[8] -> Buddhist Traditions[14] -> Indian Buddhist Traditions[78] -> Sthaviravāda[85]
Stoicism[749],Religious Group[8] -> Greek Religions[22] -> Greek Philosophical Traditions[746] -> Stoicism[749]
Stone-Campbell (Restoration Movement)[182],Religious Group[8] -> Christian Traditions[18] -> Stone-Campbell (Restoration Movement)[182]
Study of the Mysterious (xuanxue 玄學)[139],Religious Group[8] -> Chinese Religion[123] -> Daoist Traditions[134] -> Study of the Mysterious (xuanxue 玄學)[139]
Sufi[997],Religious Group[8] -> Sufi[997]
Ṣūfī[665],Religious Group[8] -> Indic Religious Traditions[510] -> Islamic Traditions[661] -> Ṣūfī[665]
Sufism[273],Religious Group[8] -> Islamic Traditions[24] -> Sufism[273]
Sufri[254],Religious Group[8] -> Islamic Traditions[24] -> Khawarij[250] -> Sufri[254]
Suhrawardī[685],Religious Group[8] -> Indic Religious Traditions[510] -> Islamic Traditions[661] -> Ṣūfī[665] -> Suhrawardī[685]
Suhrawardiyya[282],Religious Group[8] -> Islamic Traditions[24] -> Sufism[273] -> Suhrawardiyya[282]
Sulaimanī[674],Religious Group[8] -> Indic Religious Traditions[510] -> Islamic Traditions[661] -> Shīʿī[664] -> Ismāʿīlī[671] -> Mustaʿlī (Bohras or Ṭayyibī)[673] -> Sulaimanī[674]
Sumerian religions[46],Religious Group[8] -> Sumerian religions[46]
Sunni[284],Religious Group[8] -> Islamic Traditions[24] -> Sunni[284]
Sunnī[663],Religious Group[8] -> Indic Religious Traditions[510] -> Islamic Traditions[661] -> Sunnī[663]
Surat Shabd Yoga[829],Religious Group[8] -> Indic Religious Traditions[510] -> Hinduism[566] -> Surat Shabd Yoga[829]
Svātantrika[550],Religious Group[8] -> Indic Religious Traditions[510] -> Indic Buddhist Traditions[513] -> Scholastic traditions of Mahāyāna in India[547] -> Mādhyamika[548] -> Svātantrika[550]
Svetambara[293],Religious Group[8] -> Jain Traditions[25] -> Svetambara[293]
Śvētāmbara[698],Religious Group[8] -> Indic Religious Traditions[510] -> Jain Traditions[690] -> Śvētāmbara[698]
Syncretic Religions[806],Religious Group[8] -> Syncretic Religions[806]
Syro-Palestinian Religion[930],Religious Group[8] -> Syro-Palestinian Religion[930]
Tablighi Jamaat[862],Religious Group[8] -> Islamic Traditions[24] -> Tablighi Jamaat[862]
Tamil Śaiva traditions[628],Religious Group[8] -> Indic Religious Traditions[510] -> Hinduism[566] -> Śaiva traditions[621] -> Tamil Śaiva traditions[628]
Tāmraśātīya[544],Religious Group[8] -> Indic Religious Traditions[510] -> Indic Buddhist Traditions[513] -> Nikāya Buddhism (mainstream Buddhist schools)[514] -> Later schools[518] -> Tāmraśātīya[544]
Tantric Buddhist traditions[552],Religious Group[8] -> Indic Religious Traditions[510] -> Indic Buddhist Traditions[513] -> Tantric Buddhist traditions[552]
Tantric school (mi zong 密宗 or mi jiao 密教)[394],Religious Group[8] -> Chinese Religion[123] -> Chinese Buddhist Traditions[383] -> Tantric school (mi zong 密宗 or mi jiao 密教)[394]
Tantric school (mi zong 密宗 or mi jiao 密教)[76],Religious Group[8] -> Buddhist Traditions[14] -> Chinese Buddhist Traditions[65] -> Tantric school (mi zong 密宗 or mi jiao 密教)[76]
Tapā Gaccha[701],Religious Group[8] -> Indic Religious Traditions[510] -> Jain Traditions[690] -> Śvētāmbara[698] -> Tapā Gaccha[701]
Tarascan religion[499],Religious Group[8] -> Mesoamerican Religions[33] -> Tarascan religion[499]
Tayyibi[263],Religious Group[8] -> Islamic Traditions[24] -> Shiite/Shi'a[256] -> Ismal'ilism[259] -> Musta'li[262] -> Tayyibi[263]
Tendai school (tendai shū 天台宗)[109],Religious Group[8] -> Buddhist Traditions[14] -> Japanese Buddhist Traditions[94] -> Tendai school (tendai shū 天台宗)[109]
Tenrikyō[403],Religious Group[8] -> Shintō[297] -> New Religious Movements[398] -> Tenrikyō[403]
Tenrikyō[375],Religious Group[8] -> Japanese Religions[26] -> Shintō[368] -> New Religious Movements[370] -> Tenrikyō[375]
Tenshō Kōtai Jingūkyō[404],Religious Group[8] -> Shintō[297] -> New Religious Movements[398] -> Tenshō Kōtai Jingūkyō[404]
Tenshō Kōtai Jingūkyō[376],Religious Group[8] -> Japanese Religions[26] -> Shintō[368] -> New Religious Movements[370] -> Tenshō Kōtai Jingūkyō[376]
Teotihuacan Religions[341],Religious Group[8] -> Mesoamerican Religions[33] -> Teotihuacan Religions[341]
Terā Panthī[703],Religious Group[8] -> Indic Religious Traditions[510] -> Jain Traditions[690] -> Śvētāmbara[698] -> Sthānakvāsī[702] -> Terā Panthī[703]
Tertullian[977],Religious Group[8] -> Tertullian[977]
Thai Buddhist Traditions[839],Religious Group[8] -> Buddhist Traditions[14] -> Thai Buddhist Traditions[839]
(The) Church of Jesus Christ of Latter-day Saints[161],Religious Group[8] -> Christian Traditions[18] -> Latter Day Saints (Mormons)[160] -> (The) Church of Jesus Christ of Latter-day Saints[161]
The Mahābodhi society[560],Religious Group[8] -> Indic Religious Traditions[510] -> Indic Buddhist Traditions[513] -> Modern Buddhist groups[556] -> The Mahābodhi society[560]
Theravāda[545],Religious Group[8] -> Indic Religious Traditions[510] -> Indic Buddhist Traditions[513] -> Nikāya Buddhism (mainstream Buddhist schools)[514] -> Later schools[518] -> Theravāda[545]
Theravādin Buddhists in East Bengal[557],Religious Group[8] -> Indic Religious Traditions[510] -> Indic Buddhist Traditions[513] -> Modern Buddhist groups[556] -> Theravādin Buddhists in East Bengal[557]
Tiantai school (tiantai zong 天台宗)[395],Religious Group[8] -> Chinese Religion[123] -> Chinese Buddhist Traditions[383] -> Tiantai school (tiantai zong 天台宗)[395]
Tiantai school (tiantai zong 天台宗)[77],Religious Group[8] -> Buddhist Traditions[14] -> Chinese Buddhist Traditions[65] -> Tiantai school (tiantai zong 天台宗)[77]
Tibetan Buddhist Traditions[116],Religious Group[8] -> Buddhist Traditions[14] -> Tibetan Buddhist Traditions[116]
Tijäniyyah[283],Religious Group[8] -> Islamic Traditions[24] -> Sufism[273] -> Tijäniyyah[283]
Toltec Religion[496],Religious Group[8] -> Mesoamerican Religions[33] -> Toltec Religion[496]
Traditions peripheral to Sikh traditions[726],Religious Group[8] -> Indic Religious Traditions[510] -> Sikh traditions[704] -> Traditions peripheral to Sikh traditions[726]
Transnational Cybersect[833],Religious Group[8] -> Transnational Cybersect[833]
Transnational Islam[968],Religious Group[8] -> Islamic Traditions[24] -> Transnational Islam[968]
Tribal Christianity[824],Religious Group[8] -> Christian Traditions[18] -> Tribal Christianity[824]
Tribal Himalayan traditions[820],Religious Group[8] -> Indic Religious Traditions[510] -> Hinduism[566] -> Śaiva traditions[621] -> Tribal Himalayan traditions[820]
Trika Tradition (“Kashmir” Śaivism’)[637],Religious Group[8] -> Indic Religious Traditions[510] -> Hinduism[566] -> Śaiva traditions[621] -> Śaiva traditions in Kashmir[627] -> Non-Saiddhāntika traditions (vāma)[634] -> Trika Tradition (“Kashmir” Śaivism’)[637]
Tunis Religions[345],Religious Group[8] -> Maghreb Religions[29] -> Tunis Religions[345]
Twelver[906],Religious Group[8] -> Twelver[906]
Twelver[268],Religious Group[8] -> Islamic Traditions[24] -> Shiite/Shi'a[256] -> Jafri[265] -> Twelver[268]
Udāsi Sikhs[727],Religious Group[8] -> Indic Religious Traditions[510] -> Sikh traditions[704] -> Udāsi Sikhs[727]
UFO Religion[787],Religious Group[8] -> UFO Religion[787]
Unaffiliated[363],Religious Group[8] -> Jewish Traditions[27] -> Unaffiliated[363]
Uniate[157],Religious Group[8] -> Christian Traditions[18] -> Catholic[153] -> Uniate[157]
Unity Church[171],Religious Group[8] -> Christian Traditions[18] -> New Thought[167] -> Christian Science[168] -> Unity Church[171]
Upaniṣads[804],Religious Group[8] -> Indic Religious Traditions[510] -> Hinduism[566] -> Vedic texts and school[568] -> Upaniṣads[804]
Upaniṣads[587],Religious Group[8] -> Indic Religious Traditions[510] -> Hinduism[566] -> Vedic texts and school[568] -> Śruti[569] -> Vedasaṃhitas[571] -> Atharvaveda[584] -> Upaniṣads[587]
Upaniṣads[583],Religious Group[8] -> Indic Religious Traditions[510] -> Hinduism[566] -> Vedic texts and school[568] -> Śruti[569] -> Vedasaṃhitas[571] -> Yajurveda[580] -> Upaniṣads[583]
Upaniṣads[579],Religious Group[8] -> Indic Religious Traditions[510] -> Hinduism[566] -> Vedic texts and school[568] -> Śruti[569] -> Vedasaṃhitas[571] -> Sāmaveda[576] -> Upaniṣads[579]
Upaniṣads[575],Religious Group[8] -> Indic Religious Traditions[510] -> Hinduism[566] -> Vedic texts and school[568] -> Śruti[569] -> Vedasaṃhitas[571] -> Ṛgveda[572] -> Upaniṣads[575]
Upapurāṇas[618],Religious Group[8] -> Indic Religious Traditions[510] -> Hinduism[566] -> Vedic texts and school[568] -> Smṛti[570] -> Purāṇas[616] -> Upapurāṇas[618]
Upavedas[598],Religious Group[8] -> Indic Religious Traditions[510] -> Hinduism[566] -> Vedic texts and school[568] -> Smṛti[570] -> Upavedas[598]
Urartian Religions[61],Religious Group[8] -> Anatolian Religions[10] -> Urartian Religions[61]
Usuli[271],Religious Group[8] -> Islamic Traditions[24] -> Shiite/Shi'a[256] -> Jafri[265] -> Twelver[268] -> Usuli[271]
Utopian Society[913],Religious Group[8] -> Utopian Society[913]
Vaikhānasa Traditions[656],Religious Group[8] -> Indic Religious Traditions[510] -> Hinduism[566] -> Vaiṣṇava Traditions[644] -> Vaikhānasa Traditions[656]
Vaiśeṣika[612],Religious Group[8] -> Indic Religious Traditions[510] -> Hinduism[566] -> Vedic texts and school[568] -> Smṛti[570] -> Darśanas[609] -> Vaiśeṣika[612]
Vaishnavism[896],Religious Group[8] -> Vaishnavism[896]
Vaiṣṇava Traditions[644],Religious Group[8] -> Indic Religious Traditions[510] -> Hinduism[566] -> Vaiṣṇava Traditions[644]
Vajrayāna (Mantrayāna or Guhyamantrayāna)[553],Religious Group[8] -> Indic Religious Traditions[510] -> Indic Buddhist Traditions[513] -> Tantric Buddhist traditions[552] -> Vajrayāna (Mantrayāna or Guhyamantrayāna)[553]
Vallabha Sampradāya[657],Religious Group[8] -> Indic Religious Traditions[510] -> Hinduism[566] -> Vaiṣṇava Traditions[644] -> Vallabha Sampradāya[657]
Vaṃśapurāṇas[620],Religious Group[8] -> Indic Religious Traditions[510] -> Hinduism[566] -> Vedic texts and school[568] -> Smṛti[570] -> Purāṇas[616] -> Vaṃśapurāṇas[620]
Vārkari Sampradāya[660],Religious Group[8] -> Indic Religious Traditions[510] -> Hinduism[566] -> Vaiṣṇava Traditions[644] -> Vārkari Sampradāya[660]
Vātsīputrīya[91],Religious Group[8] -> Buddhist Traditions[14] -> Indian Buddhist Traditions[78] -> Sthaviravāda[85] -> Pudgalavāda[89] -> Vātsīputrīya[91]
Vedāṅgas[588],Religious Group[8] -> Indic Religious Traditions[510] -> Hinduism[566] -> Vedic texts and school[568] -> Smṛti[570] -> Vedāṅgas[588]
Vedānta[615],Religious Group[8] -> Indic Religious Traditions[510] -> Hinduism[566] -> Vedic texts and school[568] -> Smṛti[570] -> Darśanas[609] -> Vedānta[615]
Vedasaṃhitas[571],Religious Group[8] -> Indic Religious Traditions[510] -> Hinduism[566] -> Vedic texts and school[568] -> Śruti[569] -> Vedasaṃhitas[571]
Vedic religion[895],Religious Group[8] -> Vedic religion[895]
Vedic texts and school[568],Religious Group[8] -> Indic Religious Traditions[510] -> Hinduism[566] -> Vedic texts and school[568]
Vedic Traditions[799],Religious Group[8] -> Indic Religious Traditions[510] -> Vedic Traditions[799]
Vibhajyavāda[93],Religious Group[8] -> Buddhist Traditions[14] -> Indian Buddhist Traditions[78] -> Sthaviravāda[85] -> Vibhajyavāda[93]
Vibhajyavādin[546],Religious Group[8] -> Indic Religious Traditions[510] -> Indic Buddhist Traditions[513] -> Nikāya Buddhism (mainstream Buddhist schools)[514] -> Later schools[518] -> Vibhajyavādin[546]
Vietnam[901],Religious Group[8] -> Vietnam[901]
Vietnamese Buddhist Traditions[122],Religious Group[8] -> Buddhist Traditions[14] -> Vietnamese Buddhist Traditions[122]
Vietnamese Religions[807],Religious Group[8] -> Vietnamese Religions[807]
Volga Bulgaria Religions[187],Religious Group[8] -> Crimean Religions[19] -> Volga Bulgaria Religions[187]
Vyākaraṇa[590],Religious Group[8] -> Indic Religious Traditions[510] -> Hinduism[566] -> Vedic texts and school[568] -> Smṛti[570] -> Vedāṅgas[588] -> Vyākaraṇa[590]
Waja[994],Religious Group[8] -> African Religions[9] -> Waja[994]
Wesleyanism[970],Religious Group[8] -> Wesleyanism[970]
Yājñavalkyasmṛti[608],Religious Group[8] -> Indic Religious Traditions[510] -> Hinduism[566] -> Vedic texts and school[568] -> Smṛti[570] -> Dharmaśāstras[606] -> Yājñavalkyasmṛti[608]
Yajurveda[580],Religious Group[8] -> Indic Religious Traditions[510] -> Hinduism[566] -> Vedic texts and school[568] -> Śruti[569] -> Vedasaṃhitas[571] -> Yajurveda[580]
Yāpanīyas[693],Religious Group[8] -> Indic Religious Traditions[510] -> Jain Traditions[690] -> Yāpanīyas[693]
Yârsân / Ahl-e Haqq[47],Religious Group[8] -> Yârsân / Ahl-e Haqq[47]
Yazdânism (Kurdish Religions)[48],Religious Group[8] -> Yazdânism (Kurdish Religions)[48]
Yellow Turbans/Great Peace movement (taiping dao 太平道)[135],Religious Group[8] -> Chinese Religion[123] -> Daoist Traditions[134] -> Yellow Turbans/Great Peace movement (taiping dao 太平道)[135]
Yoga[610],Religious Group[8] -> Indic Religious Traditions[510] -> Hinduism[566] -> Vedic texts and school[568] -> Smṛti[570] -> Darśanas[609] -> Yoga[610]
Yogācāra Buddhism[951],Religious Group[8] -> Buddhist Traditions[14] -> Yogācāra Buddhism[951]
Yogācāra (Vijñānavāda)[551],Religious Group[8] -> Indic Religious Traditions[510] -> Indic Buddhist Traditions[513] -> Scholastic traditions of Mahāyāna in India[547] -> Yogācāra (Vijñānavāda)[551]
Yoruba Religions[51],Religious Group[8] -> African Religions[9] -> Yoruba Religions[51]
Zaidiyyah[272],Religious Group[8] -> Islamic Traditions[24] -> Shiite/Shi'a[256] -> Zaidiyyah[272]
Zapotec Religion[498],Religious Group[8] -> Mesoamerican Religions[33] -> Zapotec Religion[498]
Zen Buddhism[989],Religious Group[8] -> Buddhist Traditions[14] -> Japanese Buddhist Traditions[94] -> Zen Buddhism[989]
Zenrinkai/Zenrinkyō[405],Religious Group[8] -> Shintō[297] -> New Religious Movements[398] -> Zenrinkai/Zenrinkyō[405]
Zenrinkai/Zenrinkyō[377],Religious Group[8] -> Japanese Religions[26] -> Shintō[368] -> New Religious Movements[370] -> Zenrinkai/Zenrinkyō[377]
Zoroastrianism[49],Religious Group[8] -> Zoroastrianism[49]
Zoroastrian traditions (Parsis)[729],Religious Group[8] -> Indic Religious Traditions[510] -> Zoroastrian traditions (Parsis)[729]
Zulu Religions[52],Religious Group[8] -> African Religions[9] -> Zulu Religions[52]
Zuni Religions[323],Religious Group[8] -> Native American (North American) Religions[38] -> Zuni Religions[323]
Zurvanism[296],Religious Group[8] -> Zoroastrianism[49] -> Zurvanism[296]
